timestamp,status,message
2025-12-01T15:34:48.256559+00:00,INFO,eight_k: loading filings from ./data\02_filings.csv
2025-12-01T15:34:48.388632+00:00,INFO,eight_k: 152 unique 8-K filings queued
2025-12-01T15:34:48.409901+00:00,INFO,eight_k: (0.0%) processing 152 filings
2025-12-01T15:34:48.449120+00:00,INFO,eight_k: start
2025-12-01T15:34:50.042319+00:00,INFO,eight_k: (0.7%) processed 1/152 filings
2025-12-01T15:34:50.053720+00:00,INFO,eight_k: fetching 1/152 https://www.sec.gov/Archives/edgar/data/2057030/000121390025057243/ea0246675-8k_axiom1.htm
2025-12-01T15:34:50.069350+00:00,INFO,eight_k: AXIN parsed url https://www.sec.gov/Archives/edgar/data/2057030/000121390025057243/ea0246675-8k_axiom1.htm items Item 1.01; Item 3.02; Item 8.01; Item 9.01 items_norm Item 1.01; Item 3.02; Item 8.01; Item 9.01 catalyst Tier-1 tier1_type Financing tier1_trigger none dilution yes dilution_tags purchase_agreement;underwriting_agreement;offering ignore_reason none press_release True exhibits True
2025-12-01T15:34:50.073001+00:00,INFO,eight_k: parsed 1
2025-12-01T15:34:50.223211+00:00,INFO,eight_k: (1.3%) processed 2/152 filings
2025-12-01T15:34:50.229230+00:00,INFO,eight_k: fetching 2/152 https://www.sec.gov/Archives/edgar/data/2057030/000121390025069646/ea0250578-8k_axiom1.htm
2025-12-01T15:34:50.233318+00:00,INFO,eight_k: AXIN parsed url https://www.sec.gov/Archives/edgar/data/2057030/000121390025069646/ea0250578-8k_axiom1.htm items Item 8.01; Item 9.01 items_norm Item 8.01; Item 9.01 catalyst Tier-1 tier1_type Financing tier1_trigger none dilution yes dilution_tags offering ignore_reason none press_release True exhibits True
2025-12-01T15:34:50.238206+00:00,INFO,eight_k: parsed 2
2025-12-01T15:34:50.386591+00:00,INFO,eight_k: (2.0%) processed 3/152 filings
2025-12-01T15:34:50.390916+00:00,INFO,eight_k: fetching 3/152 https://www.sec.gov/Archives/edgar/data/2058359/000121390025055207/ea0245915-8k_calred.htm
2025-12-01T15:34:50.395385+00:00,INFO,eight_k: CRAQ parsed url https://www.sec.gov/Archives/edgar/data/2058359/000121390025055207/ea0245915-8k_calred.htm items Item 8.01; Item 9.01 items_norm Item 8.01; Item 9.01 catalyst Tier-1 tier1_type Financing tier1_trigger none dilution yes dilution_tags offering ignore_reason none press_release True exhibits True
2025-12-01T15:34:50.405967+00:00,INFO,eight_k: parsed 3
2025-12-01T15:34:50.569062+00:00,INFO,eight_k: (2.6%) processed 4/152 filings
2025-12-01T15:34:50.577468+00:00,INFO,eight_k: AXIN parsed url https://www.sec.gov/Archives/edgar/data/2057030/000121390025058439/ea0247081-8k_axiom1.htm items Item 8.01; Item 9.01 items_norm Item 8.01; Item 9.01 catalyst Tier-1 tier1_type Financing tier1_trigger none dilution yes dilution_tags convertible;offering ignore_reason none press_release True exhibits True
2025-12-01T15:34:50.582185+00:00,INFO,eight_k: parsed 4
2025-12-01T15:34:50.852169+00:00,INFO,eight_k: (3.3%) processed 5/152 filings
2025-12-01T15:34:50.856854+00:00,INFO,eight_k: BDCI parsed url https://www.sec.gov/Archives/edgar/data/2042292/000121390025097023/ea0260340-8k_btcdevelop.htm items Item 8.01; Item 9.01 items_norm Item 8.01; Item 9.01 catalyst Tier-1 tier1_type Financing tier1_trigger none dilution yes dilution_tags underwriting_agreement;convertible;warrant;offering ignore_reason none press_release True exhibits True
2025-12-01T15:34:50.861106+00:00,INFO,eight_k: parsed 5
2025-12-01T15:34:51.018873+00:00,INFO,eight_k: (3.9%) processed 6/152 filings
2025-12-01T15:34:51.024079+00:00,INFO,eight_k: CRAQ parsed url https://www.sec.gov/Archives/edgar/data/2058359/000121390025050126/ea0243885-8k_calred.htm items Item 8.01; Item 9.01 items_norm Item 8.01; Item 9.01 catalyst Tier-1 tier1_type Financing tier1_trigger none dilution yes dilution_tags convertible;offering ignore_reason none press_release True exhibits True
2025-12-01T15:34:51.027951+00:00,INFO,eight_k: parsed 6
2025-12-01T15:34:51.131427+00:00,INFO,eight_k: (4.6%) processed 7/152 filings
2025-12-01T15:34:51.145215+00:00,INFO,eight_k: CRAQ parsed url https://www.sec.gov/Archives/edgar/data/2058359/000121390025047867/ea0243417-8k_calredwood.htm items Item 1.01; Item 3.02; Item 8.01; Item 9.01 items_norm Item 1.01; Item 3.02; Item 8.01; Item 9.01 catalyst Tier-1 tier1_type Financing tier1_trigger none dilution yes dilution_tags purchase_agreement;underwriting_agreement;offering ignore_reason none press_release True exhibits True
2025-12-01T15:34:51.148386+00:00,INFO,eight_k: parsed 7
2025-12-01T15:34:51.249926+00:00,INFO,eight_k: (5.3%) processed 8/152 filings
2025-12-01T15:34:51.255915+00:00,INFO,eight_k: BDCI parsed url https://www.sec.gov/Archives/edgar/data/2042292/000121390025096131/ea0259285-8k_btc.htm items Item 1.01; Item 3.02; Item 3.03; Item 8.01; Item 9.01 items_norm Item 1.01; Item 3.02; Item 3.03; Item 8.01; Item 9.01 catalyst Tier-1 tier1_type Financing tier1_trigger none dilution yes dilution_tags underwriting_agreement;subscription_agreement;warrant;offering ignore_reason none press_release True exhibits True
2025-12-01T15:34:51.262663+00:00,INFO,eight_k: parsed 8
2025-12-01T15:34:51.419973+00:00,INFO,eight_k: (5.9%) processed 9/152 filings
2025-12-01T15:34:51.426549+00:00,INFO,eight_k: DBVT parsed url https://www.sec.gov/Archives/edgar/data/1613780/000119312525258780/d82861d8k.htm items Item 5.02; Item 7.01; Item 9.01 items_norm Item 5.02; Item 7.01; Item 9.01 catalyst Tier-2 tier1_type none tier1_trigger none dilution no dilution_tags none ignore_reason none press_release True exhibits True
2025-12-01T15:34:51.434644+00:00,INFO,eight_k: parsed 9
2025-12-01T15:34:51.715820+00:00,INFO,eight_k: (6.6%) processed 10/152 filings
2025-12-01T15:34:51.721526+00:00,INFO,eight_k: DBVT parsed url https://www.sec.gov/Archives/edgar/data/1613780/000119312525207507/d934130d8k.htm items Item 5.02; Item 7.01; Item 9.01 items_norm Item 5.02; Item 7.01; Item 9.01 catalyst Tier-2 tier1_type none tier1_trigger none dilution no dilution_tags none ignore_reason none press_release True exhibits True
2025-12-01T15:34:51.734913+00:00,INFO,eight_k: parsed 10
2025-12-01T15:34:51.846360+00:00,INFO,eight_k: (7.2%) processed 11/152 filings
2025-12-01T15:34:51.849217+00:00,INFO,eight_k: DBVT parsed url https://www.sec.gov/Archives/edgar/data/1613780/000119312525197277/d17585d8k.htm items Item 8.01; Item 9.01 items_norm Item 8.01; Item 9.01 catalyst Tier-1 tier1_type Financing tier1_trigger none dilution yes dilution_tags atm;offering ignore_reason none press_release True exhibits True
2025-12-01T15:34:51.851926+00:00,INFO,eight_k: parsed 11
2025-12-01T15:34:52.024767+00:00,INFO,eight_k: (7.9%) processed 12/152 filings
2025-12-01T15:34:52.033878+00:00,INFO,eight_k: DBVT parsed url https://www.sec.gov/Archives/edgar/data/1613780/000119312525253968/d53703d8k.htm items Item 2.02; Item 9.01 items_norm Item 2.02; Item 9.01 catalyst Tier-1 tier1_type Financing tier1_trigger none dilution yes dilution_tags warrant;offering ignore_reason none press_release True exhibits True
2025-12-01T15:34:52.035738+00:00,INFO,eight_k: parsed 12
2025-12-01T15:34:52.305245+00:00,INFO,eight_k: (8.6%) processed 13/152 filings
2025-12-01T15:34:52.308048+00:00,INFO,eight_k: DBVT parsed url https://www.sec.gov/Archives/edgar/data/1613780/000119312525146994/d51953d8k.htm items Item 8.01; Item 9.01 items_norm Item 8.01; Item 9.01 catalyst Tier-2 tier1_type none tier1_trigger none dilution no dilution_tags none ignore_reason none press_release True exhibits True
2025-12-01T15:34:52.311226+00:00,INFO,eight_k: parsed 13
2025-12-01T15:34:52.916970+00:00,INFO,eight_k: (9.2%) processed 14/152 filings
2025-12-01T15:34:52.921191+00:00,INFO,eight_k: fetching 14/152 https://www.sec.gov/Archives/edgar/data/1613780/000119312525168148/d945712d8k.htm
2025-12-01T15:34:52.925690+00:00,INFO,eight_k: DBVT parsed url https://www.sec.gov/Archives/edgar/data/1613780/000119312525168148/d945712d8k.htm items Item 2.02; Item 9.01 items_norm Item 2.02; Item 9.01 catalyst Tier-1 tier1_type Financing tier1_trigger none dilution yes dilution_tags warrant ignore_reason none press_release True exhibits True
2025-12-01T15:34:52.929631+00:00,INFO,eight_k: parsed 14
2025-12-01T15:34:53.232514+00:00,INFO,eight_k: (9.9%) processed 15/152 filings
2025-12-01T15:34:53.236594+00:00,INFO,eight_k: DBVT parsed url https://www.sec.gov/Archives/edgar/data/1613780/000119312525107505/d947872d8k.htm items Item 2.02; Item 9.01 items_norm Item 2.02; Item 9.01 catalyst Tier-2 tier1_type none tier1_trigger none dilution no dilution_tags none ignore_reason none press_release True exhibits True
2025-12-01T15:34:53.240770+00:00,INFO,eight_k: parsed 15
2025-12-01T15:34:54.151776+00:00,INFO,eight_k: (10.5%) processed 16/152 filings
2025-12-01T15:34:54.158835+00:00,INFO,eight_k: DBVT parsed url https://www.sec.gov/Archives/edgar/data/1613780/000119312525068727/d944342d8k.htm items Item 1.01; Item 3.02; Item 7.01; Item 9.01 items_norm Item 1.01; Item 3.02; Item 7.01; Item 9.01 catalyst Tier-1 tier1_type Financing tier1_trigger none dilution yes dilution_tags spa;purchase_agreement;subscription_agreement;warrant;offering ignore_reason none press_release True exhibits True
2025-12-01T15:34:54.163482+00:00,INFO,eight_k: parsed 16
2025-12-01T15:34:54.469060+00:00,INFO,eight_k: (11.2%) processed 17/152 filings
2025-12-01T15:34:54.481501+00:00,INFO,eight_k: DBVT skipped url https://www.sec.gov/Archives/edgar/data/1613780/000119312525139137/d55409d8k.htm reason non_actionable
2025-12-01T15:34:54.487815+00:00,INFO,eight_k: failed 1
2025-12-01T15:34:54.738261+00:00,INFO,eight_k: (11.8%) processed 18/152 filings
2025-12-01T15:34:54.747098+00:00,INFO,eight_k: DBVT parsed url https://www.sec.gov/Archives/edgar/data/1613780/000119312525060850/d932759d8k.htm items Item 2.02; Item 8.01; Item 9.01 items_norm Item 2.02; Item 8.01; Item 9.01 catalyst Tier-2 tier1_type none tier1_trigger none dilution no dilution_tags none ignore_reason none press_release True exhibits True
2025-12-01T15:34:54.751575+00:00,INFO,eight_k: parsed 17
2025-12-01T15:34:55.287477+00:00,INFO,eight_k: (12.5%) processed 19/152 filings
2025-12-01T15:34:55.295349+00:00,INFO,eight_k: DSP skipped url https://www.sec.gov/Archives/edgar/data/1828791/000182879125000034/dsp-20250605.htm reason non_actionable
2025-12-01T15:34:55.303440+00:00,INFO,eight_k: failed 2
2025-12-01T15:34:55.392561+00:00,INFO,eight_k: (13.2%) processed 20/152 filings
2025-12-01T15:34:55.403412+00:00,INFO,eight_k: DSP skipped url https://www.sec.gov/Archives/edgar/data/1828791/000182879125000024/dsp-20250510.htm reason non_actionable
2025-12-01T15:34:55.408536+00:00,INFO,eight_k: failed 3
2025-12-01T15:34:56.098137+00:00,INFO,eight_k: (13.8%) processed 21/152 filings
2025-12-01T15:34:56.107843+00:00,INFO,eight_k: DSP parsed url https://www.sec.gov/Archives/edgar/data/1828791/000182879125000077/dsp-20251110.htm items Item 2.02; Item 9.01 items_norm Item 2.02; Item 9.01 catalyst Tier-1 tier1_type Financing tier1_trigger none dilution yes dilution_tags offering ignore_reason none press_release True exhibits True
2025-12-01T15:34:56.111802+00:00,INFO,eight_k: parsed 18
2025-12-01T15:34:56.718214+00:00,INFO,eight_k: (14.5%) processed 22/152 filings
2025-12-01T15:34:56.723200+00:00,INFO,eight_k: DSP parsed url https://www.sec.gov/Archives/edgar/data/1828791/000182879125000054/dsp-20250811.htm items Item 2.02; Item 9.01 items_norm Item 2.02; Item 9.01 catalyst Tier-1 tier1_type Financing tier1_trigger none dilution yes dilution_tags offering ignore_reason none press_release True exhibits True
2025-12-01T15:34:56.725942+00:00,INFO,eight_k: parsed 19
2025-12-01T15:34:57.227951+00:00,INFO,eight_k: (15.1%) processed 23/152 filings
2025-12-01T15:34:57.237309+00:00,INFO,eight_k: GIW parsed url https://www.sec.gov/Archives/edgar/data/2080019/000119312525248776/giwwu-20251023.htm items Item 8.01; Item 9.01 items_norm Item 8.01; Item 9.01 catalyst Tier-1 tier1_type Financing tier1_trigger none dilution yes dilution_tags warrant;offering ignore_reason none press_release True exhibits True
2025-12-01T15:34:57.243346+00:00,INFO,eight_k: parsed 20
2025-12-01T15:34:58.231865+00:00,INFO,eight_k: (15.8%) processed 24/152 filings
2025-12-01T15:34:58.242857+00:00,INFO,eight_k: DSP parsed url https://www.sec.gov/Archives/edgar/data/1828791/000182879125000018/dsp-20250506.htm items Item 2.02; Item 8.01; Item 9.01 items_norm Item 2.02; Item 8.01; Item 9.01 catalyst Tier-1 tier1_type Financing tier1_trigger none dilution yes dilution_tags offering ignore_reason none press_release True exhibits True
2025-12-01T15:34:58.248854+00:00,INFO,eight_k: parsed 21
2025-12-01T15:34:58.628030+00:00,INFO,eight_k: (16.4%) processed 25/152 filings
2025-12-01T15:34:58.636553+00:00,INFO,eight_k: GIW parsed url https://www.sec.gov/Archives/edgar/data/2080019/000119312525239036/d71695d8k.htm items Item 5.02; Item 8.01; Item 9.01 items_norm Item 5.02; Item 8.01; Item 9.01 catalyst Tier-1 tier1_type Financing tier1_trigger none dilution yes dilution_tags purchase_agreement;underwriting_agreement;offering ignore_reason none press_release True exhibits True
2025-12-01T15:34:58.646808+00:00,INFO,eight_k: parsed 22
2025-12-01T15:34:59.212300+00:00,INFO,eight_k: (17.1%) processed 26/152 filings
2025-12-01T15:34:59.221986+00:00,INFO,eight_k: DSP parsed url https://www.sec.gov/Archives/edgar/data/1828791/000182879125000009/dsp-20250303.htm items Item 2.02; Item 9.01 items_norm Item 2.02; Item 9.01 catalyst Tier-1 tier1_type Financing tier1_trigger none dilution yes dilution_tags offering ignore_reason none press_release True exhibits True
2025-12-01T15:34:59.251184+00:00,INFO,eight_k: parsed 23
2025-12-01T15:34:59.356660+00:00,INFO,eight_k: (17.8%) processed 27/152 filings
2025-12-01T15:34:59.375556+00:00,INFO,eight_k: GIW parsed url https://www.sec.gov/Archives/edgar/data/2080019/000119312525235847/d87287d8k.htm items Item 1.01; Item 3.02; Item 5.02; Item 5.03; Item 8.01; Item 9.01 items_norm Item 1.01; Item 3.02; Item 5.02; Item 5.03; Item 8.01; Item 9.01 catalyst Tier-1 tier1_type Financing tier1_trigger none dilution yes dilution_tags purchase_agreement;underwriting_agreement;subscription_agreement;offering ignore_reason none press_release True exhibits True
2025-12-01T15:34:59.377872+00:00,INFO,eight_k: parsed 24
2025-12-01T15:34:59.770660+00:00,INFO,eight_k: (18.4%) processed 28/152 filings
2025-12-01T15:34:59.775584+00:00,INFO,eight_k: fetching 28/152 https://www.sec.gov/Archives/edgar/data/1970509/000110465925101287/tm2529208d1_8k.htm
2025-12-01T15:34:59.778431+00:00,INFO,eight_k: HYAC parsed url https://www.sec.gov/Archives/edgar/data/1970509/000110465925101287/tm2529208d1_8k.htm items Item 7.01; Item 9.01 items_norm Item 7.01; Item 9.01 catalyst Tier-2 tier1_type none tier1_trigger none dilution no dilution_tags none ignore_reason none press_release True exhibits True
2025-12-01T15:34:59.780960+00:00,INFO,eight_k: parsed 25
2025-12-01T15:35:00.324850+00:00,INFO,eight_k: (19.1%) processed 29/152 filings
2025-12-01T15:35:00.331268+00:00,INFO,eight_k: DSP parsed url https://www.sec.gov/Archives/edgar/data/1828791/000182879124000053/dsp-20241112.htm items Item 2.02; Item 9.01 items_norm Item 2.02; Item 9.01 catalyst Tier-1 tier1_type Financing tier1_trigger none dilution yes dilution_tags offering ignore_reason none press_release True exhibits True
2025-12-01T15:35:00.333218+00:00,INFO,eight_k: parsed 26
2025-12-01T15:35:00.539317+00:00,INFO,eight_k: (19.7%) processed 30/152 filings
2025-12-01T15:35:00.548459+00:00,INFO,eight_k: HYAC skipped url https://www.sec.gov/Archives/edgar/data/1970509/000110465925070472/tm2521582d1_8k.htm reason non_actionable
2025-12-01T15:35:00.553191+00:00,INFO,eight_k: failed 4
2025-12-01T15:35:00.752059+00:00,INFO,eight_k: (20.4%) processed 31/152 filings
2025-12-01T15:35:00.775392+00:00,INFO,eight_k: HYAC skipped url https://www.sec.gov/Archives/edgar/data/1970509/000110465925068090/tm2520966d1_8k.htm reason non_actionable
2025-12-01T15:35:00.782156+00:00,INFO,eight_k: failed 5
2025-12-01T15:35:00.926921+00:00,INFO,eight_k: (21.1%) processed 32/152 filings
2025-12-01T15:35:00.934413+00:00,INFO,eight_k: HYAC skipped url https://www.sec.gov/Archives/edgar/data/1970509/000110465924115859/tm2427868d1_8k.htm reason non_actionable
2025-12-01T15:35:00.943480+00:00,INFO,eight_k: failed 6
2025-12-01T15:35:01.074404+00:00,INFO,eight_k: (21.7%) processed 33/152 filings
2025-12-01T15:35:01.109292+00:00,INFO,eight_k: HYAC parsed url https://www.sec.gov/Archives/edgar/data/1970509/000110465925098545/tm2528499d1_8k.htm items Item 1.01; Item 7.01; Item 9.01 items_norm Item 1.01; Item 7.01; Item 9.01 catalyst Tier-1 tier1_type Financing tier1_trigger none dilution yes dilution_tags subscription_agreement;warrant ignore_reason none press_release True exhibits True
2025-12-01T15:35:01.116462+00:00,INFO,eight_k: parsed 27
2025-12-01T15:35:01.571682+00:00,INFO,eight_k: (22.4%) processed 34/152 filings
2025-12-01T15:35:01.578136+00:00,INFO,eight_k: IMRX parsed url https://www.sec.gov/Archives/edgar/data/1790340/000179034025000133/imrx-20251112.htm items Item 2.02; Item 9.01 items_norm Item 2.02; Item 9.01 catalyst Tier-1 tier1_type Financing tier1_trigger none dilution yes dilution_tags spa;purchase_agreement;warrant;offering ignore_reason none press_release True exhibits True
2025-12-01T15:35:01.583299+00:00,INFO,eight_k: parsed 28
2025-12-01T15:35:01.588063+00:00,INFO,eight_k: (23.0%) processed 35/152 filings
2025-12-01T15:35:01.596050+00:00,INFO,eight_k: IMRX parsed url https://www.sec.gov/Archives/edgar/data/1790340/000110465925093436/tm2526946d1_8k.htm items Item 1.01; Item 8.01; Item 9.01 items_norm Item 1.01; Item 8.01; Item 9.01 catalyst Tier-1 tier1_type Financing tier1_trigger none dilution yes dilution_tags purchase_agreement;underwriting_agreement;atm;warrant;offering ignore_reason none press_release False exhibits True
2025-12-01T15:35:01.621599+00:00,INFO,eight_k: parsed 29
2025-12-01T15:35:01.800653+00:00,INFO,eight_k: (23.7%) processed 36/152 filings
2025-12-01T15:35:01.839367+00:00,INFO,eight_k: IMRX parsed url https://www.sec.gov/Archives/edgar/data/1790340/000110465925092957/tm2526843d1_8k.htm items Item 1.01; Item 3.02; Item 8.01; Item 9.01 items_norm Item 1.01; Item 3.02; Item 8.01; Item 9.01 catalyst Tier-1 tier1_type Financing tier1_trigger none dilution yes dilution_tags spa;purchase_agreement;warrant;offering ignore_reason none press_release True exhibits True
2025-12-01T15:35:01.850898+00:00,INFO,eight_k: parsed 30
2025-12-01T15:35:01.880789+00:00,INFO,eight_k: (24.3%) processed 37/152 filings
2025-12-01T15:35:01.882262+00:00,INFO,eight_k: HYAC parsed url https://www.sec.gov/Archives/edgar/data/1970509/000110465925099332/tm2528611d1_8ka.htm items Item 1.01; Item 3.02; Item 9.01 items_norm Item 1.01; Item 3.02; Item 9.01 catalyst Tier-1 tier1_type Financing tier1_trigger none dilution yes dilution_tags subscription_agreement ignore_reason none press_release False exhibits True
2025-12-01T15:35:01.884372+00:00,INFO,eight_k: parsed 31
2025-12-01T15:35:02.145274+00:00,INFO,eight_k: (25.0%) processed 38/152 filings
2025-12-01T15:35:02.153954+00:00,INFO,eight_k: IMRX parsed url https://www.sec.gov/Archives/edgar/data/1790340/000110465925081995/tm2524079d1_8k.htm items Item 1.01; Item 3.02; Item 8.01; Item 9.01 items_norm Item 1.01; Item 3.02; Item 8.01; Item 9.01 catalyst Tier-1 tier1_type Financing tier1_trigger none dilution yes dilution_tags spa;purchase_agreement;warrant;offering ignore_reason none press_release True exhibits True
2025-12-01T15:35:02.156238+00:00,INFO,eight_k: parsed 32
2025-12-01T15:35:02.410802+00:00,INFO,eight_k: (25.7%) processed 39/152 filings
2025-12-01T15:35:02.418549+00:00,INFO,eight_k: IMRX parsed url https://www.sec.gov/Archives/edgar/data/1790340/000179034025000102/imrx-20250813.htm items Item 2.02; Item 9.01 items_norm Item 2.02; Item 9.01 catalyst Tier-2 tier1_type none tier1_trigger none dilution no dilution_tags none ignore_reason none press_release True exhibits True
2025-12-01T15:35:02.423933+00:00,INFO,eight_k: parsed 33
2025-12-01T15:35:02.603642+00:00,INFO,eight_k: (26.3%) processed 40/152 filings
2025-12-01T15:35:02.610123+00:00,INFO,eight_k: IMRX skipped url https://www.sec.gov/Archives/edgar/data/1790340/000179034025000077/imrx-20250617.htm reason non_actionable
2025-12-01T15:35:02.613519+00:00,INFO,eight_k: failed 7
2025-12-01T15:35:02.753973+00:00,INFO,eight_k: (27.0%) processed 41/152 filings
2025-12-01T15:35:02.763404+00:00,INFO,eight_k: IMRX skipped url https://www.sec.gov/Archives/edgar/data/1790340/000179034025000063/imrx-20250613.htm reason non_actionable
2025-12-01T15:35:02.767375+00:00,INFO,eight_k: failed 8
2025-12-01T15:35:03.094828+00:00,INFO,eight_k: (27.6%) processed 42/152 filings
2025-12-01T15:35:03.105357+00:00,INFO,eight_k: fetching 42/152 https://www.sec.gov/Archives/edgar/data/1790340/000179034025000059/imrx-20250505.htm
2025-12-01T15:35:03.109301+00:00,INFO,eight_k: IMRX parsed url https://www.sec.gov/Archives/edgar/data/1790340/000179034025000059/imrx-20250505.htm items Item 2.02; Item 9.01 items_norm Item 2.02; Item 9.01 catalyst Tier-2 tier1_type none tier1_trigger none dilution no dilution_tags none ignore_reason none press_release True exhibits True
2025-12-01T15:35:03.112997+00:00,INFO,eight_k: parsed 34
2025-12-01T15:35:03.403913+00:00,INFO,eight_k: (28.3%) processed 43/152 filings
2025-12-01T15:35:03.410007+00:00,INFO,eight_k: IMRX parsed url https://www.sec.gov/Archives/edgar/data/1790340/000179034025000039/imrx-20250320.htm items Item 2.02; Item 9.01 items_norm Item 2.02; Item 9.01 catalyst Tier-2 tier1_type none tier1_trigger none dilution no dilution_tags none ignore_reason none press_release True exhibits True
2025-12-01T15:35:03.413040+00:00,INFO,eight_k: parsed 35
2025-12-01T15:35:03.587966+00:00,INFO,eight_k: (28.9%) processed 44/152 filings
2025-12-01T15:35:03.740589+00:00,INFO,eight_k: IMRX parsed url https://www.sec.gov/Archives/edgar/data/1790340/000179034025000014/imrx-20250113.htm items Item 8.01 items_norm Item 8.01 catalyst Tier-1 tier1_type Financing tier1_trigger none dilution yes dilution_tags atm;offering ignore_reason none press_release False exhibits True
2025-12-01T15:35:03.755435+00:00,INFO,eight_k: parsed 36
2025-12-01T15:35:03.816105+00:00,INFO,eight_k: (29.6%) processed 45/152 filings
2025-12-01T15:35:03.826180+00:00,INFO,eight_k: IVVD parsed url https://www.sec.gov/Archives/edgar/data/1832038/000119312525291992/ivvd-20251124.htm items Item 8.01; Item 9.01 items_norm Item 8.01; Item 9.01 catalyst Tier-2 tier1_type none tier1_trigger none dilution no dilution_tags none ignore_reason none press_release True exhibits True
2025-12-01T15:35:03.843664+00:00,INFO,eight_k: parsed 37
2025-12-01T15:35:04.072695+00:00,INFO,eight_k: (30.3%) processed 46/152 filings
2025-12-01T15:35:04.128360+00:00,INFO,eight_k: IVVD parsed url https://www.sec.gov/Archives/edgar/data/1832038/000119312525288347/ivvd-20251117.htm items Item 1.01; Item 8.01; Item 9.01 items_norm Item 1.01; Item 8.01; Item 9.01 catalyst Tier-1 tier1_type Financing tier1_trigger none dilution yes dilution_tags underwriting_agreement;warrant;offering ignore_reason none press_release True exhibits True
2025-12-01T15:35:04.154435+00:00,INFO,eight_k: parsed 38
2025-12-01T15:35:04.703400+00:00,INFO,eight_k: (30.9%) processed 47/152 filings
2025-12-01T15:35:04.712468+00:00,INFO,eight_k: IVVD parsed url https://www.sec.gov/Archives/edgar/data/1832038/000119312525268057/d81968d8k.htm items Item 2.02; Item 8.01; Item 9.01 items_norm Item 2.02; Item 8.01; Item 9.01 catalyst Tier-1 tier1_type Financing tier1_trigger none dilution yes dilution_tags atm;warrant;offering ignore_reason none press_release True exhibits True
2025-12-01T15:35:04.718606+00:00,INFO,eight_k: parsed 39
2025-12-01T15:35:04.879796+00:00,INFO,eight_k: (31.6%) processed 48/152 filings
2025-12-01T15:35:04.889393+00:00,INFO,eight_k: IVVD parsed url https://www.sec.gov/Archives/edgar/data/1832038/000119312525230898/ivvd-20251006.htm items Item 8.01 items_norm Item 8.01 catalyst Tier-2 tier1_type none tier1_trigger none dilution no dilution_tags none ignore_reason none press_release True exhibits True
2025-12-01T15:35:04.939073+00:00,INFO,eight_k: parsed 40
2025-12-01T15:35:05.250189+00:00,INFO,eight_k: (32.2%) processed 49/152 filings
2025-12-01T15:35:05.259246+00:00,INFO,eight_k: IVVD parsed url https://www.sec.gov/Archives/edgar/data/1832038/000119312525258526/d24723d8k.htm items Item 8.01; Item 9.01 items_norm Item 8.01; Item 9.01 catalyst Tier-2 tier1_type none tier1_trigger none dilution no dilution_tags none ignore_reason none press_release True exhibits True
2025-12-01T15:35:05.265014+00:00,INFO,eight_k: parsed 41
2025-12-01T15:35:05.334096+00:00,INFO,eight_k: (32.9%) processed 50/152 filings
2025-12-01T15:35:05.342011+00:00,INFO,eight_k: IVVD parsed url https://www.sec.gov/Archives/edgar/data/1832038/000119312525215541/ivvd-20250922.htm items Item 5.02; Item 7.01; Item 8.01 items_norm Item 5.02; Item 7.01; Item 8.01 catalyst Tier-2 tier1_type none tier1_trigger none dilution no dilution_tags none ignore_reason none press_release True exhibits True
2025-12-01T15:35:05.344451+00:00,INFO,eight_k: parsed 42
2025-12-01T15:35:05.414951+00:00,INFO,eight_k: (33.6%) processed 51/152 filings
2025-12-01T15:35:05.461483+00:00,INFO,eight_k: IVVD parsed url https://www.sec.gov/Archives/edgar/data/1832038/000095017025110952/ivvd-20250820.htm items Item 1.01; Item 8.01; Item 9.01 items_norm Item 1.01; Item 8.01; Item 9.01 catalyst Tier-1 tier1_type Financing tier1_trigger none dilution yes dilution_tags underwriting_agreement;warrant;offering ignore_reason none press_release True exhibits True
2025-12-01T15:35:05.463169+00:00,INFO,eight_k: parsed 43
2025-12-01T15:35:06.078547+00:00,INFO,eight_k: (34.2%) processed 52/152 filings
2025-12-01T15:35:06.083644+00:00,INFO,eight_k: IVVD parsed url https://www.sec.gov/Archives/edgar/data/1832038/000119312525180890/d936404d8k.htm items Item 2.02; Item 8.01; Item 9.01 items_norm Item 2.02; Item 8.01; Item 9.01 catalyst Tier-2 tier1_type none tier1_trigger none dilution no dilution_tags none ignore_reason none press_release True exhibits True
2025-12-01T15:35:06.087057+00:00,INFO,eight_k: parsed 44
2025-12-01T15:35:06.253205+00:00,INFO,eight_k: (34.9%) processed 53/152 filings
2025-12-01T15:35:06.262509+00:00,INFO,eight_k: MBVI parsed url https://www.sec.gov/Archives/edgar/data/2073928/000095014225002818/eh250692721_8k.htm items Item 8.01; Item 9.01 items_norm Item 8.01; Item 9.01 catalyst Tier-1 tier1_type Financing tier1_trigger none dilution yes dilution_tags warrant;offering ignore_reason none press_release True exhibits True
2025-12-01T15:35:06.281007+00:00,INFO,eight_k: parsed 45
2025-12-01T15:35:06.419861+00:00,INFO,eight_k: (35.5%) processed 54/152 filings
2025-12-01T15:35:06.429875+00:00,INFO,eight_k: IVVD parsed url https://www.sec.gov/Archives/edgar/data/1832038/000095017025092528/ivvd-20250702.htm items Item 8.01; Item 9.01 items_norm Item 8.01; Item 9.01 catalyst Tier-2 tier1_type none tier1_trigger none dilution no dilution_tags none ignore_reason none press_release True exhibits True
2025-12-01T15:35:06.453852+00:00,INFO,eight_k: parsed 46
2025-12-01T15:35:06.478793+00:00,INFO,eight_k: (36.2%) processed 55/152 filings
2025-12-01T15:35:06.494877+00:00,INFO,eight_k: IVVD parsed url https://www.sec.gov/Archives/edgar/data/1832038/000095017025090172/ivvd-20250626.htm items Item 8.01; Item 9.01 items_norm Item 8.01; Item 9.01 catalyst Tier-2 tier1_type none tier1_trigger none dilution no dilution_tags none ignore_reason none press_release True exhibits True
2025-12-01T15:35:06.499831+00:00,INFO,eight_k: parsed 47
2025-12-01T15:35:06.821416+00:00,INFO,eight_k: (36.8%) processed 56/152 filings
2025-12-01T15:35:06.839608+00:00,INFO,eight_k: fetching 56/152 https://www.sec.gov/Archives/edgar/data/2073928/000121390025083405/ea0255430-8k_m3brig6.htm
2025-12-01T15:35:06.959035+00:00,INFO,eight_k: MBVI parsed url https://www.sec.gov/Archives/edgar/data/2073928/000121390025083405/ea0255430-8k_m3brig6.htm items Item 1.01; Item 3.02; Item 8.01; Item 9.01 items_norm Item 1.01; Item 3.02; Item 8.01; Item 9.01 catalyst Tier-1 tier1_type Financing tier1_trigger none dilution yes dilution_tags purchase_agreement;underwriting_agreement;warrant;offering ignore_reason none press_release True exhibits True
2025-12-01T15:35:06.998507+00:00,INFO,eight_k: parsed 48
2025-12-01T15:35:07.009797+00:00,INFO,eight_k: (37.5%) processed 57/152 filings
2025-12-01T15:35:07.036917+00:00,INFO,eight_k: MBVI parsed url https://www.sec.gov/Archives/edgar/data/2073928/000121390025084538/ea0255547-8k_m3brigade6.htm items Item 8.01; Item 9.01 items_norm Item 8.01; Item 9.01 catalyst Tier-1 tier1_type Financing tier1_trigger none dilution yes dilution_tags underwriting_agreement;convertible;warrant;offering ignore_reason none press_release True exhibits True
2025-12-01T15:35:07.059713+00:00,INFO,eight_k: parsed 49
2025-12-01T15:35:07.569909+00:00,INFO,eight_k: (38.2%) processed 58/152 filings
2025-12-01T15:35:07.575627+00:00,INFO,eight_k: MOV skipped url https://www.sec.gov/Archives/edgar/data/72573/000095014225001659/eh250644960_8k.htm reason non_actionable
2025-12-01T15:35:07.578494+00:00,INFO,eight_k: failed 9
2025-12-01T15:35:08.056284+00:00,INFO,eight_k: (38.8%) processed 59/152 filings
2025-12-01T15:35:08.074537+00:00,INFO,eight_k: MOV parsed url https://www.sec.gov/Archives/edgar/data/72573/000095014225003060/eh250709295_8k.htm items Item 2.02; Item 9.01 items_norm Item 2.02; Item 9.01 catalyst Tier-2 tier1_type none tier1_trigger none dilution no dilution_tags none ignore_reason none press_release True exhibits True
2025-12-01T15:35:08.079533+00:00,INFO,eight_k: parsed 50
2025-12-01T15:35:08.411107+00:00,INFO,eight_k: (39.5%) processed 60/152 filings
2025-12-01T15:35:08.422784+00:00,INFO,eight_k: MOV parsed url https://www.sec.gov/Archives/edgar/data/72573/000095014225002299/eh250672037_8k.htm items Item 2.02; Item 9.01 items_norm Item 2.02; Item 9.01 catalyst Tier-1 tier1_type Financing tier1_trigger none dilution yes dilution_tags offering ignore_reason none press_release True exhibits True
2025-12-01T15:35:08.427892+00:00,INFO,eight_k: parsed 51
2025-12-01T15:35:09.288319+00:00,INFO,eight_k: (40.1%) processed 61/152 filings
2025-12-01T15:35:09.294243+00:00,INFO,eight_k: MOV skipped url https://www.sec.gov/Archives/edgar/data/72573/000095014225001035/eh250615018_8k.htm reason non_actionable
2025-12-01T15:35:09.299288+00:00,INFO,eight_k: failed 10
2025-12-01T15:35:09.676130+00:00,INFO,eight_k: (40.8%) processed 62/152 filings
2025-12-01T15:35:09.687721+00:00,INFO,eight_k: MOV parsed url https://www.sec.gov/Archives/edgar/data/72573/000095014225001488/eh250634214_8k.htm items Item 2.02; Item 9.01 items_norm Item 2.02; Item 9.01 catalyst Tier-2 tier1_type none tier1_trigger none dilution no dilution_tags none ignore_reason none press_release True exhibits True
2025-12-01T15:35:09.690893+00:00,INFO,eight_k: parsed 52
2025-12-01T15:35:10.030018+00:00,INFO,eight_k: (41.4%) processed 63/152 filings
2025-12-01T15:35:10.037156+00:00,INFO,eight_k: NPAC parsed url https://www.sec.gov/Archives/edgar/data/2048948/000121390025053893/ea0245277-8k_newpro3.htm items Item 8.01; Item 9.01 items_norm Item 8.01; Item 9.01 catalyst Tier-1 tier1_type Financing tier1_trigger none dilution yes dilution_tags warrant;offering ignore_reason none press_release True exhibits True
2025-12-01T15:35:10.040954+00:00,INFO,eight_k: parsed 53
2025-12-01T15:35:10.509993+00:00,INFO,eight_k: (42.1%) processed 64/152 filings
2025-12-01T15:35:10.522871+00:00,INFO,eight_k: MOV parsed url https://www.sec.gov/Archives/edgar/data/72573/000095014225001084/eh250616699_8k.htm items Item 2.02; Item 9.01 items_norm Item 2.02; Item 9.01 catalyst Tier-2 tier1_type none tier1_trigger none dilution no dilution_tags none ignore_reason none press_release True exhibits True
2025-12-01T15:35:10.530600+00:00,INFO,eight_k: parsed 54
2025-12-01T15:35:10.541422+00:00,INFO,eight_k: (42.8%) processed 65/152 filings
2025-12-01T15:35:10.546374+00:00,INFO,eight_k: MOV skipped url https://www.sec.gov/Archives/edgar/data/72573/000095014224002790/eh240555997_8k.htm reason non_actionable
2025-12-01T15:35:10.558491+00:00,INFO,eight_k: failed 11
2025-12-01T15:35:11.690141+00:00,INFO,eight_k: (43.4%) processed 66/152 filings
2025-12-01T15:35:11.700868+00:00,INFO,eight_k: NPAC parsed url https://www.sec.gov/Archives/edgar/data/2048948/000121390025035680/ea0239499-8k_newpro3.htm items Item 1.01; Item 3.02; Item 8.01; Item 9.01 items_norm Item 1.01; Item 3.02; Item 8.01; Item 9.01 catalyst Tier-1 tier1_type Financing tier1_trigger none dilution yes dilution_tags purchase_agreement;underwriting_agreement;warrant;offering ignore_reason none press_release True exhibits True
2025-12-01T15:35:11.704244+00:00,INFO,eight_k: parsed 55
2025-12-01T15:35:12.111025+00:00,INFO,eight_k: (44.1%) processed 67/152 filings
2025-12-01T15:35:12.122652+00:00,INFO,eight_k: MOV parsed url https://www.sec.gov/Archives/edgar/data/72573/000095014224002890/eh240564665_8k.htm items Item 2.02; Item 9.01 items_norm Item 2.02; Item 9.01 catalyst Tier-2 tier1_type none tier1_trigger none dilution no dilution_tags none ignore_reason none press_release True exhibits True
2025-12-01T15:35:12.131243+00:00,INFO,eight_k: parsed 56
2025-12-01T15:35:12.295355+00:00,INFO,eight_k: (44.7%) processed 68/152 filings
2025-12-01T15:35:12.306014+00:00,INFO,eight_k: NPAC parsed url https://www.sec.gov/Archives/edgar/data/2048948/000121390025038566/ea0240290-8k_newpro3.htm items Item 8.01; Item 9.01 items_norm Item 8.01; Item 9.01 catalyst Tier-1 tier1_type Financing tier1_trigger none dilution yes dilution_tags underwriting_agreement;convertible;warrant;offering ignore_reason none press_release True exhibits True
2025-12-01T15:35:12.316890+00:00,INFO,eight_k: parsed 57
2025-12-01T15:35:12.745456+00:00,INFO,eight_k: (45.4%) processed 69/152 filings
2025-12-01T15:35:12.751347+00:00,INFO,eight_k: NPB skipped url https://www.sec.gov/Archives/edgar/data/1336706/000162828025035949/npb-20250723.htm reason non_actionable
2025-12-01T15:35:12.754101+00:00,INFO,eight_k: failed 12
2025-12-01T15:35:12.968030+00:00,INFO,eight_k: (46.1%) processed 70/152 filings
2025-12-01T15:35:12.975792+00:00,INFO,eight_k: fetching 70/152 https://www.sec.gov/Archives/edgar/data/1336706/000162828025039628/npb-20250811.htm
2025-12-01T15:35:12.978500+00:00,INFO,eight_k: NPB parsed url https://www.sec.gov/Archives/edgar/data/1336706/000162828025039628/npb-20250811.htm items Item 5.02; Item 9.01 items_norm Item 5.02; Item 9.01 catalyst Tier-2 tier1_type none tier1_trigger none dilution no dilution_tags none ignore_reason none press_release True exhibits True
2025-12-01T15:35:12.984017+00:00,INFO,eight_k: parsed 58
2025-12-01T15:35:13.370997+00:00,INFO,eight_k: (46.7%) processed 71/152 filings
2025-12-01T15:35:13.576911+00:00,INFO,eight_k: NPB skipped url https://www.sec.gov/Archives/edgar/data/1336706/000110465925064656/tm2519615d1_8k.htm reason non_actionable
2025-12-01T15:35:13.814887+00:00,INFO,eight_k: failed 13
2025-12-01T15:35:14.097059+00:00,INFO,eight_k: (47.4%) processed 72/152 filings
2025-12-01T15:35:14.107655+00:00,INFO,eight_k: NPB parsed url https://www.sec.gov/Archives/edgar/data/1336706/000133670625000006/npb-20251021.htm items Item 2.02; Item 7.01 items_norm Item 2.02; Item 7.01 catalyst Tier-1 tier1_type Financing tier1_trigger none dilution yes dilution_tags equity_line;offering ignore_reason none press_release True exhibits True
2025-12-01T15:35:14.113300+00:00,INFO,eight_k: parsed 59
2025-12-01T15:35:14.216984+00:00,INFO,eight_k: (48.0%) processed 73/152 filings
2025-12-01T15:35:14.226428+00:00,INFO,eight_k: NPB skipped url https://www.sec.gov/Archives/edgar/data/1336706/000162828025032630/npb-20250328.htm reason non_actionable
2025-12-01T15:35:14.229044+00:00,INFO,eight_k: failed 14
2025-12-01T15:35:15.354289+00:00,INFO,eight_k: (48.7%) processed 74/152 filings
2025-12-01T15:35:15.362630+00:00,INFO,eight_k: NPB parsed url https://www.sec.gov/Archives/edgar/data/1336706/000162828025035578/npb-20250722.htm items Item 2.02; Item 7.01 items_norm Item 2.02; Item 7.01 catalyst Tier-1 tier1_type Financing tier1_trigger none dilution yes dilution_tags equity_line;offering ignore_reason none press_release True exhibits True
2025-12-01T15:35:15.367705+00:00,INFO,eight_k: parsed 60
2025-12-01T15:35:15.706216+00:00,INFO,eight_k: (49.3%) processed 75/152 filings
2025-12-01T15:35:15.727909+00:00,INFO,eight_k: NPB skipped url https://www.sec.gov/Archives/edgar/data/1336706/000162828025027283/npb-20250516.htm reason non_actionable
2025-12-01T15:35:15.754480+00:00,INFO,eight_k: failed 15
2025-12-01T15:35:15.769381+00:00,INFO,eight_k: (50.0%) processed 76/152 filings
2025-12-01T15:35:15.784479+00:00,INFO,eight_k: NPB skipped url https://www.sec.gov/Archives/edgar/data/1336706/000162828025025922/npb-20250515.htm reason non_actionable
2025-12-01T15:35:15.797694+00:00,INFO,eight_k: failed 16
2025-12-01T15:35:16.926046+00:00,INFO,eight_k: (50.7%) processed 77/152 filings
2025-12-01T15:35:16.936378+00:00,INFO,eight_k: NPB parsed url https://www.sec.gov/Archives/edgar/data/1336706/000162828025018893/npb-20250422.htm items Item 2.02 items_norm Item 2.02 catalyst Tier-1 tier1_type Financing tier1_trigger none dilution yes dilution_tags equity_line;offering ignore_reason none press_release True exhibits True
2025-12-01T15:35:16.938764+00:00,INFO,eight_k: parsed 61
2025-12-01T15:35:17.182216+00:00,INFO,eight_k: (51.3%) processed 78/152 filings
2025-12-01T15:35:17.189488+00:00,INFO,eight_k: NPB parsed url https://www.sec.gov/Archives/edgar/data/1336706/000162828025017013/npb-20250408.htm items Item 8.01; Item 9.01 items_norm Item 8.01; Item 9.01 catalyst Tier-2 tier1_type none tier1_trigger none dilution no dilution_tags none ignore_reason none press_release True exhibits True
2025-12-01T15:35:17.194641+00:00,INFO,eight_k: parsed 62
2025-12-01T15:35:17.249840+00:00,INFO,eight_k: (52.0%) processed 79/152 filings
2025-12-01T15:35:17.272832+00:00,INFO,eight_k: OPAL parsed url https://www.sec.gov/Archives/edgar/data/1842279/000162828025046759/opal-20251028.htm items Item 9.01 items_norm Item 9.01 catalyst Tier-2 tier1_type none tier1_trigger none dilution no dilution_tags none ignore_reason none press_release True exhibits True
2025-12-01T15:35:17.302827+00:00,INFO,eight_k: parsed 63
2025-12-01T15:35:17.571983+00:00,INFO,eight_k: (52.6%) processed 80/152 filings
2025-12-01T15:35:17.582869+00:00,INFO,eight_k: OPAL parsed url https://www.sec.gov/Archives/edgar/data/1842279/000184227925000061/opal-20251022.htm items Item 7.01; Item 9.01 items_norm Item 7.01; Item 9.01 catalyst Tier-2 tier1_type none tier1_trigger none dilution no dilution_tags none ignore_reason none press_release True exhibits True
2025-12-01T15:35:17.597894+00:00,INFO,eight_k: parsed 64
2025-12-01T15:35:18.773778+00:00,INFO,eight_k: (53.3%) processed 81/152 filings
2025-12-01T15:35:18.778253+00:00,INFO,eight_k: OPAL parsed url https://www.sec.gov/Archives/edgar/data/1842279/000162828025050443/opal-20251106.htm items Item 2.02; Item 9.01 items_norm Item 2.02; Item 9.01 catalyst Tier-2 tier1_type none tier1_trigger none dilution no dilution_tags none ignore_reason none press_release True exhibits True
2025-12-01T15:35:18.780487+00:00,INFO,eight_k: parsed 65
2025-12-01T15:35:18.807142+00:00,INFO,eight_k: heartbeat processed 81/152 (parsed 65 failed 16)
2025-12-01T15:35:18.951895+00:00,INFO,eight_k: (53.9%) processed 82/152 filings
2025-12-01T15:35:18.967312+00:00,INFO,eight_k: OPAL parsed url https://www.sec.gov/Archives/edgar/data/1842279/000162828025043107/opal-20250929.htm items Item 9.01 items_norm Item 9.01 catalyst Tier-2 tier1_type none tier1_trigger none dilution no dilution_tags none ignore_reason none press_release True exhibits True
2025-12-01T15:35:19.005053+00:00,INFO,eight_k: parsed 66
2025-12-01T15:35:19.143156+00:00,INFO,eight_k: (54.6%) processed 83/152 filings
2025-12-01T15:35:19.162185+00:00,INFO,eight_k: OPAL skipped url https://www.sec.gov/Archives/edgar/data/1842279/000162828025032166/opal-20250618.htm reason non_actionable
2025-12-01T15:35:19.214263+00:00,INFO,eight_k: failed 17
2025-12-01T15:35:19.948725+00:00,INFO,eight_k: (55.3%) processed 84/152 filings
2025-12-01T15:35:19.960759+00:00,INFO,eight_k: fetching 84/152 https://www.sec.gov/Archives/edgar/data/1842279/000162828025020006/opal-20250421.htm
2025-12-01T15:35:19.995037+00:00,INFO,eight_k: OPAL skipped url https://www.sec.gov/Archives/edgar/data/1842279/000162828025020006/opal-20250421.htm reason non_actionable
2025-12-01T15:35:20.014261+00:00,INFO,eight_k: failed 18
2025-12-01T15:35:20.210572+00:00,INFO,eight_k: (55.9%) processed 85/152 filings
2025-12-01T15:35:20.266447+00:00,INFO,eight_k: OPAL parsed url https://www.sec.gov/Archives/edgar/data/1842279/000162828025019747/opal-20250424.htm items Item 7.01; Item 9.01 items_norm Item 7.01; Item 9.01 catalyst Tier-2 tier1_type none tier1_trigger none dilution no dilution_tags none ignore_reason none press_release True exhibits True
2025-12-01T15:35:20.323288+00:00,INFO,eight_k: parsed 67
2025-12-01T15:35:20.999102+00:00,INFO,eight_k: (56.6%) processed 86/152 filings
2025-12-01T15:35:21.088974+00:00,INFO,eight_k: OPAL parsed url https://www.sec.gov/Archives/edgar/data/1842279/000162828025023886/opal-20250508.htm items Item 2.02; Item 9.01 items_norm Item 2.02; Item 9.01 catalyst Tier-2 tier1_type none tier1_trigger none dilution no dilution_tags none ignore_reason none press_release True exhibits True
2025-12-01T15:35:21.190141+00:00,INFO,eight_k: parsed 68
2025-12-01T15:35:21.665028+00:00,INFO,eight_k: (57.2%) processed 87/152 filings
2025-12-01T15:35:21.669247+00:00,INFO,eight_k: OPAL parsed url https://www.sec.gov/Archives/edgar/data/1842279/000162828025038987/opal-20250807.htm items Item 2.02; Item 9.01 items_norm Item 2.02; Item 9.01 catalyst Tier-2 tier1_type none tier1_trigger none dilution no dilution_tags none ignore_reason none press_release True exhibits True
2025-12-01T15:35:21.681167+00:00,INFO,eight_k: parsed 69
2025-12-01T15:35:21.855193+00:00,INFO,eight_k: (57.9%) processed 88/152 filings
2025-12-01T15:35:21.862636+00:00,INFO,eight_k: OPAL parsed url https://www.sec.gov/Archives/edgar/data/1842279/000162828025019374/opal-20250422.htm items Item 9.01 items_norm Item 9.01 catalyst Tier-2 tier1_type none tier1_trigger none dilution no dilution_tags none ignore_reason none press_release True exhibits True
2025-12-01T15:35:21.904362+00:00,INFO,eight_k: parsed 70
2025-12-01T15:35:22.381828+00:00,INFO,eight_k: (58.6%) processed 89/152 filings
2025-12-01T15:35:22.388559+00:00,INFO,eight_k: OWLT parsed url https://www.sec.gov/Archives/edgar/data/1816708/000181670825000060/owlt-20251113.htm items Item 2.02; Item 9.01 items_norm Item 2.02; Item 9.01 catalyst Tier-1 tier1_type Financing tier1_trigger none dilution yes dilution_tags convertible;warrant;offering ignore_reason none press_release True exhibits True
2025-12-01T15:35:22.390762+00:00,INFO,eight_k: parsed 71
2025-12-01T15:35:22.470140+00:00,INFO,eight_k: (59.2%) processed 90/152 filings
2025-12-01T15:35:22.482719+00:00,INFO,eight_k: OWLT parsed url https://www.sec.gov/Archives/edgar/data/1816708/000162828025045943/owlt-20251021.htm items Item 2.02; Item 8.01; Item 9.01 items_norm Item 2.02; Item 8.01; Item 9.01 catalyst Tier-1 tier1_type Financing tier1_trigger none dilution yes dilution_tags underwriting_agreement;warrant;offering ignore_reason none press_release False exhibits True
2025-12-01T15:35:22.490558+00:00,INFO,eight_k: parsed 72
2025-12-01T15:35:22.663315+00:00,INFO,eight_k: (59.9%) processed 91/152 filings
2025-12-01T15:35:22.672710+00:00,INFO,eight_k: OWLT skipped url https://www.sec.gov/Archives/edgar/data/1816708/000181670825000040/owlt-20250930.htm reason non_actionable
2025-12-01T15:35:22.683021+00:00,INFO,eight_k: failed 19
2025-12-01T15:35:23.255855+00:00,INFO,eight_k: (60.5%) processed 92/152 filings
2025-12-01T15:35:23.340255+00:00,INFO,eight_k: OWLT parsed url https://www.sec.gov/Archives/edgar/data/1816708/000181670825000044/owlt-20251008.htm items Item 8.01 items_norm Item 8.01 catalyst Tier-1 tier1_type Financing tier1_trigger none dilution yes dilution_tags convertible;warrant ignore_reason none press_release False exhibits True
2025-12-01T15:35:23.366901+00:00,INFO,eight_k: parsed 73
2025-12-01T15:35:23.952246+00:00,INFO,eight_k: (61.2%) processed 93/152 filings
2025-12-01T15:35:23.960402+00:00,INFO,eight_k: OWLT parsed url https://www.sec.gov/Archives/edgar/data/1816708/000181670825000020/owlt-20250805.htm items Item 2.02; Item 5.02 items_norm Item 2.02; Item 5.02 catalyst Tier-1 tier1_type Financing tier1_trigger none dilution yes dilution_tags convertible;warrant;offering ignore_reason none press_release True exhibits True
2025-12-01T15:35:23.971036+00:00,INFO,eight_k: parsed 74
2025-12-01T15:35:24.086141+00:00,INFO,eight_k: (61.8%) processed 94/152 filings
2025-12-01T15:35:24.096307+00:00,INFO,eight_k: OWLT skipped url https://www.sec.gov/Archives/edgar/data/1816708/000162828025031614/a20250611creditagreementam.htm reason non_actionable
2025-12-01T15:35:24.126985+00:00,INFO,eight_k: failed 20
2025-12-01T15:35:24.189863+00:00,INFO,eight_k: (62.5%) processed 95/152 filings
2025-12-01T15:35:24.245793+00:00,INFO,eight_k: OWLT parsed url https://www.sec.gov/Archives/edgar/data/1816708/000181670825000019/owlt-20250807.htm items Item 1.01; Item 3.02 items_norm Item 1.01; Item 3.02 catalyst Tier-1 tier1_type Financing tier1_trigger none dilution yes dilution_tags convertible;warrant ignore_reason none press_release False exhibits True
2025-12-01T15:35:24.262287+00:00,INFO,eight_k: parsed 75
2025-12-01T15:35:24.418210+00:00,INFO,eight_k: (63.2%) processed 96/152 filings
2025-12-01T15:35:24.438079+00:00,INFO,eight_k: OWLT parsed url https://www.sec.gov/Archives/edgar/data/1816708/000181670825000036/owlt-20250911.htm items Item 8.01; Item 9.01 items_norm Item 8.01; Item 9.01 catalyst Tier-2 tier1_type none tier1_trigger none dilution no dilution_tags none ignore_reason none press_release True exhibits True
2025-12-01T15:35:24.448257+00:00,INFO,eight_k: parsed 76
2025-12-01T15:35:24.954788+00:00,INFO,eight_k: (63.8%) processed 97/152 filings
2025-12-01T15:35:24.964972+00:00,INFO,eight_k: OWLT parsed url https://www.sec.gov/Archives/edgar/data/1816708/000162828025023770/owlt-20250508.htm items Item 2.02; Item 9.01 items_norm Item 2.02; Item 9.01 catalyst Tier-1 tier1_type Financing tier1_trigger none dilution yes dilution_tags convertible;warrant ignore_reason none press_release True exhibits True
2025-12-01T15:35:24.975673+00:00,INFO,eight_k: parsed 77
2025-12-01T15:35:25.460002+00:00,INFO,eight_k: (64.5%) processed 98/152 filings
2025-12-01T15:35:25.465706+00:00,INFO,eight_k: fetching 98/152 https://www.sec.gov/Archives/edgar/data/1816708/000162828025009814/owlt-20250304.htm
2025-12-01T15:35:25.467836+00:00,INFO,eight_k: OWLT parsed url https://www.sec.gov/Archives/edgar/data/1816708/000162828025009814/owlt-20250304.htm items Item 2.02; Item 9.01 items_norm Item 2.02; Item 9.01 catalyst Tier-1 tier1_type Financing tier1_trigger none dilution yes dilution_tags convertible;warrant ignore_reason none press_release True exhibits True
2025-12-01T15:35:25.515635+00:00,INFO,eight_k: parsed 78
2025-12-01T15:35:25.584134+00:00,INFO,eight_k: (65.1%) processed 99/152 filings
2025-12-01T15:35:25.594787+00:00,INFO,eight_k: OWLT parsed url https://www.sec.gov/Archives/edgar/data/1816708/000181670825000032/owlt-20250807.htm items Item 3.02; Item 9.01 items_norm Item 3.02; Item 9.01 catalyst Tier-1 tier1_type Financing tier1_trigger none dilution yes dilution_tags warrant ignore_reason none press_release False exhibits True
2025-12-01T15:35:25.601730+00:00,INFO,eight_k: parsed 79
2025-12-01T15:35:25.738408+00:00,INFO,eight_k: (65.8%) processed 100/152 filings
2025-12-01T15:35:25.758137+00:00,INFO,eight_k: PBFS parsed url https://www.sec.gov/Archives/edgar/data/1769663/000094337425000363/form8k_080525.htm items Item 8.01; Item 9.01 items_norm Item 8.01; Item 9.01 catalyst Tier-2 tier1_type none tier1_trigger none dilution no dilution_tags none ignore_reason none press_release True exhibits True
2025-12-01T15:35:25.763135+00:00,INFO,eight_k: parsed 80
2025-12-01T15:35:26.483546+00:00,INFO,eight_k: (66.4%) processed 101/152 filings
2025-12-01T15:35:26.493720+00:00,INFO,eight_k: PBFS parsed url https://www.sec.gov/Archives/edgar/data/1769663/000110465925104486/pbfs-20251030x8k.htm items Item 2.02; Item 9.01 items_norm Item 2.02; Item 9.01 catalyst Tier-1 tier1_type Financing tier1_trigger none dilution yes dilution_tags offering ignore_reason none press_release True exhibits True
2025-12-01T15:35:26.504258+00:00,INFO,eight_k: parsed 81
2025-12-01T15:35:26.881843+00:00,INFO,eight_k: (67.1%) processed 102/152 filings
2025-12-01T15:35:26.891541+00:00,INFO,eight_k: PBFS skipped url https://www.sec.gov/Archives/edgar/data/1769663/000094337425000226/form8k_052025.htm reason non_actionable
2025-12-01T15:35:26.919541+00:00,INFO,eight_k: failed 21
2025-12-01T15:35:27.307465+00:00,INFO,eight_k: (67.8%) processed 103/152 filings
2025-12-01T15:35:27.315931+00:00,INFO,eight_k: PBFS parsed url https://www.sec.gov/Archives/edgar/data/1769663/000155837025009799/pbfs-20250730x8k.htm items Item 2.02; Item 9.01 items_norm Item 2.02; Item 9.01 catalyst Tier-1 tier1_type Financing tier1_trigger none dilution yes dilution_tags offering ignore_reason none press_release True exhibits True
2025-12-01T15:35:27.405988+00:00,INFO,eight_k: parsed 82
2025-12-01T15:35:27.465619+00:00,INFO,eight_k: (68.4%) processed 104/152 filings
2025-12-01T15:35:27.471802+00:00,INFO,eight_k: PBFS parsed url https://www.sec.gov/Archives/edgar/data/1769663/000155837025006003/pbfs-20250430x8k.htm items Item 2.02; Item 9.01 items_norm Item 2.02; Item 9.01 catalyst Tier-1 tier1_type Financing tier1_trigger none dilution yes dilution_tags offering ignore_reason none press_release True exhibits True
2025-12-01T15:35:27.505611+00:00,INFO,eight_k: parsed 83
2025-12-01T15:35:27.624140+00:00,INFO,eight_k: (69.1%) processed 105/152 filings
2025-12-01T15:35:27.632589+00:00,INFO,eight_k: PBFS skipped url https://www.sec.gov/Archives/edgar/data/1769663/000094337424000467/form8k.htm reason non_actionable
2025-12-01T15:35:27.649588+00:00,INFO,eight_k: failed 22
2025-12-01T15:35:27.919191+00:00,INFO,eight_k: (69.7%) processed 106/152 filings
2025-12-01T15:35:27.926271+00:00,INFO,eight_k: PBFS parsed url https://www.sec.gov/Archives/edgar/data/1769663/000155837025000542/pbfs-20250130x8k.htm items Item 2.02; Item 9.01 items_norm Item 2.02; Item 9.01 catalyst Tier-1 tier1_type Financing tier1_trigger none dilution yes dilution_tags offering ignore_reason none press_release True exhibits True
2025-12-01T15:35:27.928277+00:00,INFO,eight_k: parsed 84
2025-12-01T15:35:28.292405+00:00,INFO,eight_k: (70.4%) processed 107/152 filings
2025-12-01T15:35:28.317810+00:00,INFO,eight_k: RTAC parsed url https://www.sec.gov/Archives/edgar/data/2035173/000114036125021431/ef20050145_8k.htm items Item 8.01; Item 9.01 items_norm Item 8.01; Item 9.01 catalyst Tier-1 tier1_type Financing tier1_trigger none dilution yes dilution_tags warrant;offering ignore_reason none press_release True exhibits True
2025-12-01T15:35:28.338373+00:00,INFO,eight_k: parsed 85
2025-12-01T15:35:28.710831+00:00,INFO,eight_k: (71.1%) processed 108/152 filings
2025-12-01T15:35:28.752391+00:00,INFO,eight_k: PBFS parsed url https://www.sec.gov/Archives/edgar/data/1769663/000155837024013952/pbfs-20241030x8k.htm items Item 2.02; Item 9.01 items_norm Item 2.02; Item 9.01 catalyst Tier-1 tier1_type Financing tier1_trigger none dilution yes dilution_tags offering ignore_reason none press_release True exhibits True
2025-12-01T15:35:28.773656+00:00,INFO,eight_k: parsed 86
2025-12-01T15:35:28.844840+00:00,INFO,eight_k: (71.7%) processed 109/152 filings
2025-12-01T15:35:28.854658+00:00,INFO,eight_k: SCM parsed url https://www.sec.gov/Archives/edgar/data/1551901/000110465925115422/tm2526928d1_8k.htm items Item 8.01; Item 9.01 items_norm Item 8.01; Item 9.01 catalyst Tier-2 tier1_type none tier1_trigger none dilution no dilution_tags none ignore_reason none press_release True exhibits True
2025-12-01T15:35:28.868698+00:00,INFO,eight_k: parsed 87
2025-12-01T15:35:29.103843+00:00,INFO,eight_k: (72.4%) processed 110/152 filings
2025-12-01T15:35:29.107290+00:00,INFO,eight_k: RTAC parsed url https://www.sec.gov/Archives/edgar/data/2035173/000114036125020174/ef20049531_8k.htm items Item 8.01; Item 9.01 items_norm Item 8.01; Item 9.01 catalyst Tier-1 tier1_type Financing tier1_trigger none dilution yes dilution_tags underwriting_agreement;convertible;warrant;offering ignore_reason none press_release True exhibits True
2025-12-01T15:35:29.109250+00:00,INFO,eight_k: parsed 88
2025-12-01T15:35:29.275424+00:00,INFO,eight_k: (73.0%) processed 111/152 filings
2025-12-01T15:35:29.304405+00:00,INFO,eight_k: RTAC parsed url https://www.sec.gov/Archives/edgar/data/2035173/000114036125019627/ny20045296x17_8k.htm items Item 1.01; Item 3.02; Item 5.02; Item 5.03; Item 8.01; Item 9.01 items_norm Item 1.01; Item 3.02; Item 5.02; Item 5.03; Item 8.01; Item 9.01 catalyst Tier-1 tier1_type Financing tier1_trigger none dilution yes dilution_tags purchase_agreement;underwriting_agreement;convertible;warrant;offering ignore_reason none press_release True exhibits True
2025-12-01T15:35:29.313830+00:00,INFO,eight_k: parsed 89
2025-12-01T15:35:29.368163+00:00,INFO,eight_k: (73.7%) processed 112/152 filings
2025-12-01T15:35:29.416592+00:00,INFO,eight_k: fetching 112/152 https://www.sec.gov/Archives/edgar/data/1551901/000110465925093911/tm2526928d1_8k.htm
2025-12-01T15:35:29.441664+00:00,INFO,eight_k: SCM parsed url https://www.sec.gov/Archives/edgar/data/1551901/000110465925093911/tm2526928d1_8k.htm items Item 1.01; Item 9.01 items_norm Item 1.01; Item 9.01 catalyst Tier-1 tier1_type Financing tier1_trigger none dilution yes dilution_tags underwriting_agreement;warrant;offering ignore_reason none press_release False exhibits True
2025-12-01T15:35:29.474558+00:00,INFO,eight_k: parsed 90
2025-12-01T15:35:29.482561+00:00,INFO,eight_k: (74.3%) processed 113/152 filings
2025-12-01T15:35:29.489091+00:00,INFO,eight_k: SCM skipped url https://www.sec.gov/Archives/edgar/data/1551901/000110465925090030/tm2526011d1_8k.htm reason non_actionable
2025-12-01T15:35:29.498518+00:00,INFO,eight_k: failed 23
2025-12-01T15:35:29.559705+00:00,INFO,eight_k: (75.0%) processed 114/152 filings
2025-12-01T15:35:29.567421+00:00,INFO,eight_k: SCM parsed url https://www.sec.gov/Archives/edgar/data/1551901/000110465925088902/tm2525669d1_8k.htm items Item 1.01; Item 9.01 items_norm Item 1.01; Item 9.01 catalyst Tier-1 tier1_type Financing tier1_trigger none dilution yes dilution_tags atm;warrant;offering ignore_reason none press_release False exhibits True
2025-12-01T15:35:29.617193+00:00,INFO,eight_k: parsed 91
2025-12-01T15:35:29.889687+00:00,INFO,eight_k: (75.7%) processed 115/152 filings
2025-12-01T15:35:29.897797+00:00,INFO,eight_k: SCM parsed url https://www.sec.gov/Archives/edgar/data/1551901/000110465925084789/tm2524446d1_8k.htm items Item 8.01; Item 9.01 items_norm Item 8.01; Item 9.01 catalyst Tier-2 tier1_type none tier1_trigger none dilution no dilution_tags none ignore_reason none press_release True exhibits True
2025-12-01T15:35:29.919957+00:00,INFO,eight_k: parsed 92
2025-12-01T15:35:30.053812+00:00,INFO,eight_k: (76.3%) processed 116/152 filings
2025-12-01T15:35:30.069666+00:00,INFO,eight_k: SCM skipped url https://www.sec.gov/Archives/edgar/data/1551901/000110465925061187/tm2518314d1_8k.htm reason non_actionable
2025-12-01T15:35:30.106010+00:00,INFO,eight_k: failed 24
2025-12-01T15:35:30.194267+00:00,INFO,eight_k: (77.0%) processed 117/152 filings
2025-12-01T15:35:30.211544+00:00,INFO,eight_k: SCM parsed url https://www.sec.gov/Archives/edgar/data/1551901/000110465925029412/tm2510626d1_8k.htm items Item 1.01; Item 9.01 items_norm Item 1.01; Item 9.01 catalyst Tier-1 tier1_type Financing tier1_trigger none dilution yes dilution_tags underwriting_agreement;warrant;offering ignore_reason none press_release False exhibits True
2025-12-01T15:35:30.214281+00:00,INFO,eight_k: parsed 93
2025-12-01T15:35:30.236583+00:00,INFO,eight_k: (77.6%) processed 118/152 filings
2025-12-01T15:35:30.238409+00:00,INFO,eight_k: SCM parsed url https://www.sec.gov/Archives/edgar/data/1551901/000110465925031208/tm2510985d1_8k.htm items Item 1.01; Item 2.03; Item 9.01 items_norm Item 1.01; Item 2.03; Item 9.01 catalyst Tier-1 tier1_type Financing tier1_trigger none dilution yes dilution_tags underwriting_agreement;offering ignore_reason none press_release False exhibits True
2025-12-01T15:35:30.273331+00:00,INFO,eight_k: parsed 94
2025-12-01T15:35:30.325174+00:00,INFO,eight_k: (78.3%) processed 119/152 filings
2025-12-01T15:35:30.327225+00:00,INFO,eight_k: SCM skipped url https://www.sec.gov/Archives/edgar/data/1551901/000110465924113515/tm2427269d1_8k.htm reason non_actionable
2025-12-01T15:35:30.354265+00:00,INFO,eight_k: failed 25
2025-12-01T15:35:31.480371+00:00,INFO,eight_k: (78.9%) processed 120/152 filings
2025-12-01T15:35:31.489728+00:00,INFO,eight_k: STRW parsed url https://www.sec.gov/Archives/edgar/data/1782430/000164117225022652/form8-k.htm items Item 8.01; Item 9.01 items_norm Item 8.01; Item 9.01 catalyst Tier-2 tier1_type none tier1_trigger none dilution no dilution_tags none ignore_reason none press_release True exhibits True
2025-12-01T15:35:31.491443+00:00,INFO,eight_k: parsed 95
2025-12-01T15:35:31.551679+00:00,INFO,eight_k: (79.6%) processed 121/152 filings
2025-12-01T15:35:31.624560+00:00,INFO,eight_k: STRW parsed url https://www.sec.gov/Archives/edgar/data/1782430/000149315225021084/form8-k.htm items Item 8.01; Item 9.01 items_norm Item 8.01; Item 9.01 catalyst Tier-2 tier1_type none tier1_trigger none dilution no dilution_tags none ignore_reason none press_release True exhibits True
2025-12-01T15:35:31.651125+00:00,INFO,eight_k: parsed 96
2025-12-01T15:35:32.233517+00:00,INFO,eight_k: (80.3%) processed 122/152 filings
2025-12-01T15:35:32.327118+00:00,INFO,eight_k: STRW parsed url https://www.sec.gov/Archives/edgar/data/1782430/000149315225021082/form8-k.htm items Item 7.01; Item 9.01 items_norm Item 7.01; Item 9.01 catalyst Tier-2 tier1_type none tier1_trigger none dilution no dilution_tags none ignore_reason none press_release True exhibits True
2025-12-01T15:35:32.377941+00:00,INFO,eight_k: parsed 97
2025-12-01T15:35:32.390122+00:00,INFO,eight_k: (80.9%) processed 123/152 filings
2025-12-01T15:35:32.395097+00:00,INFO,eight_k: STRW parsed url https://www.sec.gov/Archives/edgar/data/1782430/000164117225022654/form8-k.htm items Item 7.01; Item 9.01 items_norm Item 7.01; Item 9.01 catalyst Tier-1 tier1_type Financing tier1_trigger none dilution yes dilution_tags purchase_agreement ignore_reason none press_release True exhibits True
2025-12-01T15:35:32.403568+00:00,INFO,eight_k: parsed 98
2025-12-01T15:35:32.598578+00:00,INFO,eight_k: (81.6%) processed 124/152 filings
2025-12-01T15:35:32.607646+00:00,INFO,eight_k: STRW parsed url https://www.sec.gov/Archives/edgar/data/1782430/000164117225016353/form8-k.htm items Item 7.01; Item 9.01 items_norm Item 7.01; Item 9.01 catalyst Tier-1 tier1_type Financing tier1_trigger none dilution yes dilution_tags offering ignore_reason none press_release False exhibits True
2025-12-01T15:35:32.609482+00:00,INFO,eight_k: parsed 99
2025-12-01T15:35:32.611849+00:00,INFO,eight_k: (82.2%) processed 125/152 filings
2025-12-01T15:35:32.615225+00:00,INFO,eight_k: STRW parsed url https://www.sec.gov/Archives/edgar/data/1782430/000164117225017440/form8-k.htm items Item 2.01; Item 8.01; Item 9.01 items_norm Item 2.01; Item 8.01; Item 9.01 catalyst Tier-1 tier1_type Financing tier1_trigger none dilution yes dilution_tags purchase_agreement ignore_reason none press_release True exhibits True
2025-12-01T15:35:32.616997+00:00,INFO,eight_k: parsed 100
2025-12-01T15:35:33.688087+00:00,INFO,eight_k: (82.9%) processed 126/152 filings
2025-12-01T15:35:33.716718+00:00,INFO,eight_k: fetching 126/152 https://www.sec.gov/Archives/edgar/data/1782430/000164117225012610/form8-k.htm
2025-12-01T15:35:33.836032+00:00,INFO,eight_k: STRW parsed url https://www.sec.gov/Archives/edgar/data/1782430/000164117225012610/form8-k.htm items Item 1.01; Item 8.01; Item 9.01 items_norm Item 1.01; Item 8.01; Item 9.01 catalyst Tier-1 tier1_type Financing tier1_trigger none dilution yes dilution_tags purchase_agreement ignore_reason none press_release True exhibits True
2025-12-01T15:35:33.890909+00:00,INFO,eight_k: parsed 101
2025-12-01T15:35:34.771475+00:00,INFO,eight_k: (83.6%) processed 127/152 filings
2025-12-01T15:35:34.806799+00:00,INFO,eight_k: STRW parsed url https://www.sec.gov/Archives/edgar/data/1782430/000164117225013546/form8-k.htm items Item 1.01; Item 9.01 items_norm Item 1.01; Item 9.01 catalyst Tier-1 tier1_type Financing tier1_trigger none dilution yes dilution_tags offering ignore_reason none press_release False exhibits True
2025-12-01T15:35:34.856143+00:00,INFO,eight_k: parsed 102
2025-12-01T15:35:34.876459+00:00,INFO,eight_k: (84.2%) processed 128/152 filings
2025-12-01T15:35:34.880900+00:00,INFO,eight_k: STRW skipped url https://www.sec.gov/Archives/edgar/data/1782430/000164117225009567/form8-k.htm reason non_actionable
2025-12-01T15:35:34.923545+00:00,INFO,eight_k: failed 26
2025-12-01T15:35:35.081140+00:00,INFO,eight_k: (84.9%) processed 129/152 filings
2025-12-01T15:35:35.087848+00:00,INFO,eight_k: STRW parsed url https://www.sec.gov/Archives/edgar/data/1782430/000149315225012849/form8-ka.htm items Item 9.01 items_norm Item 9.01 catalyst Tier-1 tier1_type Financing tier1_trigger none dilution yes dilution_tags purchase_agreement ignore_reason none press_release True exhibits True
2025-12-01T15:35:35.090410+00:00,INFO,eight_k: parsed 103
2025-12-01T15:35:35.516682+00:00,INFO,eight_k: (85.5%) processed 130/152 filings
2025-12-01T15:35:35.527378+00:00,INFO,eight_k: TLNC parsed url https://www.sec.gov/Archives/edgar/data/2073340/000121390025087276/ea0256900-8k_talon.htm items Item 1.01; Item 3.02; Item 8.01; Item 9.01 items_norm Item 1.01; Item 3.02; Item 8.01; Item 9.01 catalyst Tier-1 tier1_type Financing tier1_trigger none dilution yes dilution_tags purchase_agreement;underwriting_agreement;warrant;offering ignore_reason none press_release True exhibits True
2025-12-01T15:35:35.535493+00:00,INFO,eight_k: parsed 104
2025-12-01T15:35:35.678310+00:00,INFO,eight_k: (86.2%) processed 131/152 filings
2025-12-01T15:35:35.685270+00:00,INFO,eight_k: STRW parsed url https://www.sec.gov/Archives/edgar/data/1782430/000164117225009375/form8-k.htm items Item 7.01; Item 9.01 items_norm Item 7.01; Item 9.01 catalyst Tier-2 tier1_type none tier1_trigger none dilution no dilution_tags none ignore_reason none press_release True exhibits True
2025-12-01T15:35:35.696930+00:00,INFO,eight_k: parsed 105
2025-12-01T15:35:35.886126+00:00,INFO,eight_k: (86.8%) processed 132/152 filings
2025-12-01T15:35:35.903899+00:00,INFO,eight_k: TRON parsed url https://www.sec.gov/Archives/edgar/data/1956744/000149315225021757/form8-k.htm items Item 7.01; Item 9.01 items_norm Item 7.01; Item 9.01 catalyst Tier-2 tier1_type none tier1_trigger none dilution no dilution_tags none ignore_reason none press_release True exhibits True
2025-12-01T15:35:35.909162+00:00,INFO,eight_k: parsed 106
2025-12-01T15:35:36.008662+00:00,INFO,eight_k: (87.5%) processed 133/152 filings
2025-12-01T15:35:36.010549+00:00,INFO,eight_k: TLNC parsed url https://www.sec.gov/Archives/edgar/data/2073340/000121390025088251/ea0257330-8k_talon.htm items Item 1.01; Item 8.01; Item 9.01 items_norm Item 1.01; Item 8.01; Item 9.01 catalyst Tier-1 tier1_type Financing tier1_trigger none dilution yes dilution_tags underwriting_agreement;convertible;warrant;offering ignore_reason none press_release True exhibits True
2025-12-01T15:35:36.038307+00:00,INFO,eight_k: parsed 107
2025-12-01T15:35:36.124032+00:00,INFO,eight_k: (88.2%) processed 134/152 filings
2025-12-01T15:35:36.127801+00:00,INFO,eight_k: TRON parsed url https://www.sec.gov/Archives/edgar/data/1956744/000164117225026144/form8-k.htm items Item 7.01; Item 9.01 items_norm Item 7.01; Item 9.01 catalyst Tier-1 tier1_type Financing tier1_trigger none dilution yes dilution_tags spa;purchase_agreement;warrant ignore_reason none press_release True exhibits True
2025-12-01T15:35:36.129138+00:00,INFO,eight_k: parsed 108
2025-12-01T15:35:36.493016+00:00,INFO,eight_k: (88.8%) processed 135/152 filings
2025-12-01T15:35:36.519273+00:00,INFO,eight_k: TRON parsed url https://www.sec.gov/Archives/edgar/data/1956744/000164117225026127/form8-k.htm items Item 3.02; Item 5.01; Item 9.01 items_norm Item 3.02; Item 5.01; Item 9.01 catalyst Tier-1 tier1_type Financing tier1_trigger none dilution yes dilution_tags warrant ignore_reason none press_release False exhibits True
2025-12-01T15:35:36.524986+00:00,INFO,eight_k: parsed 109
2025-12-01T15:35:36.733638+00:00,INFO,eight_k: (89.5%) processed 136/152 filings
2025-12-01T15:35:36.750582+00:00,INFO,eight_k: TRON parsed url https://www.sec.gov/Archives/edgar/data/1956744/000164117225026036/form8-k.htm items Item 1.01; Item 9.01 items_norm Item 1.01; Item 9.01 catalyst Tier-1 tier1_type Financing tier1_trigger none dilution yes dilution_tags warrant ignore_reason none press_release False exhibits True
2025-12-01T15:35:36.762222+00:00,INFO,eight_k: parsed 110
2025-12-01T15:35:36.949912+00:00,INFO,eight_k: (90.1%) processed 137/152 filings
2025-12-01T15:35:37.094497+00:00,INFO,eight_k: TRON parsed url https://www.sec.gov/Archives/edgar/data/1956744/000164117225022909/form8-k.htm items Item 7.01; Item 9.01 items_norm Item 7.01; Item 9.01 catalyst Tier-2 tier1_type none tier1_trigger none dilution no dilution_tags none ignore_reason none press_release True exhibits True
2025-12-01T15:35:37.130805+00:00,INFO,eight_k: parsed 111
2025-12-01T15:35:37.151483+00:00,INFO,eight_k: (90.8%) processed 138/152 filings
2025-12-01T15:35:37.189600+00:00,INFO,eight_k: TRON parsed url https://www.sec.gov/Archives/edgar/data/1956744/000164117225020664/form8-k.htm items Item 7.01; Item 9.01 items_norm Item 7.01; Item 9.01 catalyst Tier-2 tier1_type none tier1_trigger none dilution no dilution_tags none ignore_reason none press_release True exhibits True
2025-12-01T15:35:37.214760+00:00,INFO,eight_k: parsed 112
2025-12-01T15:35:37.308448+00:00,INFO,eight_k: (91.4%) processed 139/152 filings
2025-12-01T15:35:37.313178+00:00,INFO,eight_k: TRON parsed url https://www.sec.gov/Archives/edgar/data/1956744/000164117225019987/form8-k.htm items Item 7.01; Item 9.01 items_norm Item 7.01; Item 9.01 catalyst Tier-2 tier1_type none tier1_trigger none dilution no dilution_tags none ignore_reason none press_release True exhibits True
2025-12-01T15:35:37.314993+00:00,INFO,eight_k: parsed 113
2025-12-01T15:35:37.726994+00:00,INFO,eight_k: (92.1%) processed 140/152 filings
2025-12-01T15:35:37.752891+00:00,INFO,eight_k: fetching 140/152 https://www.sec.gov/Archives/edgar/data/1956744/000164117225017055/form8-k.htm
2025-12-01T15:35:37.762340+00:00,INFO,eight_k: TRON parsed url https://www.sec.gov/Archives/edgar/data/1956744/000164117225017055/form8-k.htm items Item 7.01; Item 9.01 items_norm Item 7.01; Item 9.01 catalyst Tier-1 tier1_type Financing tier1_trigger none dilution yes dilution_tags warrant;offering ignore_reason none press_release True exhibits True
2025-12-01T15:35:37.790171+00:00,INFO,eight_k: parsed 114
2025-12-01T15:35:37.926088+00:00,INFO,eight_k: (92.8%) processed 141/152 filings
2025-12-01T15:35:37.935730+00:00,INFO,eight_k: VERI parsed url https://www.sec.gov/Archives/edgar/data/1615165/000161516525000031/veri-20251110.htm items Item 2.02; Item 9.01 items_norm Item 2.02; Item 9.01 catalyst Tier-1 tier1_type Financing tier1_trigger none dilution yes dilution_tags convertible;offering ignore_reason none press_release True exhibits True
2025-12-01T15:35:37.939407+00:00,INFO,eight_k: parsed 115
2025-12-01T15:35:38.075647+00:00,INFO,eight_k: (93.4%) processed 142/152 filings
2025-12-01T15:35:38.088426+00:00,INFO,eight_k: TRON parsed url https://www.sec.gov/Archives/edgar/data/1956744/000164117225015738/form8-k.htm items Item 8.01 items_norm Item 8.01 catalyst Tier-1 tier1_type Financing tier1_trigger none dilution yes dilution_tags offering ignore_reason none press_release False exhibits True
2025-12-01T15:35:38.096112+00:00,INFO,eight_k: parsed 116
2025-12-01T15:35:38.156717+00:00,INFO,eight_k: (94.1%) processed 143/152 filings
2025-12-01T15:35:38.181300+00:00,INFO,eight_k: TRON parsed url https://www.sec.gov/Archives/edgar/data/1956744/000164117225019830/form8-k.htm items Item 7.01; Item 9.01 items_norm Item 7.01; Item 9.01 catalyst Tier-2 tier1_type none tier1_trigger none dilution no dilution_tags none ignore_reason none press_release True exhibits True
2025-12-01T15:35:38.186271+00:00,INFO,eight_k: parsed 117
2025-12-01T15:35:38.413192+00:00,INFO,eight_k: (94.7%) processed 144/152 filings
2025-12-01T15:35:38.421499+00:00,INFO,eight_k: VERI parsed url https://www.sec.gov/Archives/edgar/data/1615165/000161516525000024/veri-20251106.htm items Item 1.02; Item 8.01 items_norm Item 1.02; Item 8.01 catalyst Tier-1 tier1_type Financing tier1_trigger none dilution yes dilution_tags registered_direct;convertible;offering ignore_reason none press_release False exhibits True
2025-12-01T15:35:38.430526+00:00,INFO,eight_k: parsed 118
2025-12-01T15:35:38.630015+00:00,INFO,eight_k: (95.4%) processed 145/152 filings
2025-12-01T15:35:38.638692+00:00,INFO,eight_k: VERI parsed url https://www.sec.gov/Archives/edgar/data/1615165/000119312525241997/d33523d8k.htm items Item 8.01; Item 9.01 items_norm Item 8.01; Item 9.01 catalyst Tier-1 tier1_type Financing tier1_trigger none dilution yes dilution_tags registered_direct;spa;purchase_agreement;offering ignore_reason none press_release False exhibits True
2025-12-01T15:35:38.645353+00:00,INFO,eight_k: parsed 119
2025-12-01T15:35:38.851516+00:00,INFO,eight_k: (96.1%) processed 146/152 filings
2025-12-01T15:35:38.870908+00:00,INFO,eight_k: VERI parsed url https://www.sec.gov/Archives/edgar/data/1615165/000119312525240869/d48526d8k.htm items Item 1.01; Item 7.01; Item 9.01 items_norm Item 1.01; Item 7.01; Item 9.01 catalyst Tier-1 tier1_type Financing tier1_trigger none dilution yes dilution_tags registered_direct;spa;purchase_agreement;warrant;offering ignore_reason none press_release True exhibits True
2025-12-01T15:35:38.881820+00:00,INFO,eight_k: parsed 120
2025-12-01T15:35:39.070506+00:00,INFO,eight_k: (96.7%) processed 147/152 filings
2025-12-01T15:35:39.080830+00:00,INFO,eight_k: VERI parsed url https://www.sec.gov/Archives/edgar/data/1615165/000119312525240645/d68192d8k.htm items Item 8.01 items_norm Item 8.01 catalyst Tier-1 tier1_type Financing tier1_trigger none dilution yes dilution_tags offering ignore_reason none press_release False exhibits True
2025-12-01T15:35:39.086108+00:00,INFO,eight_k: parsed 121
2025-12-01T15:35:39.234847+00:00,INFO,eight_k: (97.4%) processed 148/152 filings
2025-12-01T15:35:39.238980+00:00,INFO,eight_k: VERI parsed url https://www.sec.gov/Archives/edgar/data/1615165/000161516525000016/veri-20251014.htm items Item 2.02; Item 9.01 items_norm Item 2.02; Item 9.01 catalyst Tier-1 tier1_type Financing tier1_trigger none dilution yes dilution_tags offering ignore_reason none press_release True exhibits True
2025-12-01T15:35:39.242069+00:00,INFO,eight_k: parsed 122
2025-12-01T15:35:39.641109+00:00,INFO,eight_k: (98.0%) processed 149/152 filings
2025-12-01T15:35:39.667263+00:00,INFO,eight_k: VERI parsed url https://www.sec.gov/Archives/edgar/data/1615165/000161516525000022/veri-20251106.htm items Item 2.02; Item 9.01 items_norm Item 2.02; Item 9.01 catalyst Tier-1 tier1_type Financing tier1_trigger none dilution yes dilution_tags registered_direct;atm;convertible;warrant;offering ignore_reason none press_release True exhibits True
2025-12-01T15:35:39.688504+00:00,INFO,eight_k: parsed 123
2025-12-01T15:35:39.816315+00:00,INFO,eight_k: (98.7%) processed 150/152 filings
2025-12-01T15:35:39.842317+00:00,INFO,eight_k: VERI parsed url https://www.sec.gov/Archives/edgar/data/1615165/000119312525202294/d43084d8k.htm items Item 1.01; Item 7.01; Item 9.01 items_norm Item 1.01; Item 7.01; Item 9.01 catalyst Tier-1 tier1_type Financing tier1_trigger none dilution yes dilution_tags underwriting_agreement;offering ignore_reason none press_release True exhibits True
2025-12-01T15:35:39.851151+00:00,INFO,eight_k: parsed 124
2025-12-01T15:35:39.930991+00:00,INFO,eight_k: (99.3%) processed 151/152 filings
2025-12-01T15:35:39.980941+00:00,INFO,eight_k: VERI skipped url https://www.sec.gov/Archives/edgar/data/1615165/000119312525195046/d85076d8k.htm reason non_actionable
2025-12-01T15:35:39.985538+00:00,INFO,eight_k: failed 27
2025-12-01T15:35:41.366610+00:00,INFO,eight_k: (100.0%) processed 152/152 filings
2025-12-01T15:35:41.369509+00:00,INFO,eight_k: VERI parsed url https://www.sec.gov/Archives/edgar/data/1615165/000161516525000009/veri-20250807.htm items Item 2.02; Item 9.01 items_norm Item 2.02; Item 9.01 catalyst Tier-1 tier1_type Financing tier1_trigger none dilution yes dilution_tags registered_direct;atm;convertible;warrant;offering ignore_reason none press_release True exhibits True
2025-12-01T15:35:41.370794+00:00,INFO,eight_k: parsed 125
2025-12-01T15:35:41.442023+00:00,INFO,eight_k: parsed 125
2025-12-01T15:35:41.444343+00:00,INFO,eight_k: failed 27
2025-12-01T15:35:41.449263+00:00,INFO,eight_k: complete – wrote 125 rows
2025-12-01T15:35:48.341222+00:00,INFO,WEEKLY_VALIDATION N_rows=22 N_validated_all_true=11 N_any_gate_false=11 C1=13/9 C2=22/0 C3=22/0 C4=19/3 C5=22/0 C6=11/11
2025-12-01T15:35:48.370222+00:00,INFO,"WEEKLY_VALIDATION: validated=11 tbd=11 reasons=[Mandatory subscore missing: Runway; Materiality fail=7, Mandatory subscore missing: Runway; Subscores <4/5; Materiality fail=2, Materiality fail=1, Subscores <4/5; Materiality fail=1]"
2025-12-01T15:35:48.584571+00:00,INFO,WEEKLY_SUMMARY: universe=28 filings=447 events=125 shortlist=22 deep=22 validated=11 tbd=11
