Ticker,CIK,Company,Exchange,Country,Currency,Sector,Industry,MarketCap,Price,UpdatedAt,BidPrice,AskPrice,BidSize,AskSize,AfterHoursVolume,QuoteTimestamp,Spread,SpreadPct
JKS,1481513,"JinkoSolar Holding Co., Ltd.",NYSE,CN,USD,Energy,Solar,333158212.0,25.8,2025-12-01T21:00:08.269041,25.79,25.83,100.0,100.0,311095.0,2025-12-01T20:59:47Z,0.0399999999999991,0.1549786904300625
WDH,1823986,Waterdrop Inc.,NYSE,CN,USD,Financial Services,Insurance - Diversified,66577912.0,1.84,2025-12-01T21:00:08.736305,1.84,1.86,100.0,1000.0,435523.0,2025-12-01T21:00:02Z,0.02,1.081081081081082
TRON,1956744,Tron Inc.,NASDAQ,US,USD,Consumer Cyclical,Leisure,62751242.0,1.875,2025-12-01T21:00:08.739415,1.87,1.88,300.0,1100.0,2162435.0,2025-12-01T20:59:57Z,0.0099999999999997,0.533333333333322
ZEPP,1720446,Zepp Health Corporation,NYSE,CN,USD,Technology,Consumer Electronics,107062724.0,26.86,2025-12-01T21:00:08.742464,26.76,26.9,300.0,300.0,78527.0,2025-12-01T20:59:34Z,0.139999999999997,0.5218039508013307
YRD,1631761,Yiren Digital Ltd.,NYSE,CN,USD,Financial Services,Financial - Credit Services,190958330.0,4.42,2025-12-01T21:00:08.746076,4.42,4.47,100.0,200.0,62376.0,2025-12-01T20:59:18Z,0.0499999999999998,1.124859392575924
MBVI,2073928,M3-Brigade Acquisition VI Corp. Class A Ordinary Shares,NASDAQ,US,USD,Financial Services,Asset Management,346380000.0,10.04,2025-12-01T21:00:08.748069,9.91,10.04,2400.0,1800.0,105050.0,2025-12-01T20:51:15Z,0.129999999999999,1.303258145363399
DSP,1828791,Viant Technology Inc.,NASDAQ,US,USD,Technology,Software - Application,179125880.0,11.035,2025-12-01T21:00:08.749555,11.03,11.05,203.0,100.0,358835.0,2025-12-01T20:59:59Z,0.0200000000000013,0.1811594202898673
GIW,2080019,GigCapital8 Corp.,NASDAQ,US,USD,Financial Services,Asset Management,253882199.0,9.895,2025-12-01T21:00:08.751510,9.8,9.94,2000.0,1000.0,1082440.0,2025-12-01T21:00:11Z,0.1399999999999988,1.4184397163120444
DBVT,1613780,DBV Technologies S.A.,NASDAQ,FR,USD,Healthcare,Biotechnology,311341433.0,13.015,2025-12-01T21:00:08.752161,13.0,13.2,1.0,1.0,391297.0,2025-12-01T20:59:44Z,0.1999999999999993,1.526717557251903
PALI,1357459,"Palisade Bio, Inc.",NASDAQ,US,USD,Healthcare,Biotechnology,275655550.0,1.85,2025-12-01T21:00:09.410351,1.85,1.87,100.0,200.0,4499734.0,2025-12-01T21:00:06Z,0.02,1.075268817204302
KNOP,1564180,KNOT Offshore Partners LP,NYSE,GB,USD,Industrials,Marine Shipping,339769908.0,9.98,2025-12-01T21:00:09.410737,9.94,9.98,900.0,200.0,84260.0,2025-12-01T20:59:40Z,0.0400000000000009,0.4016064257028205
SCM,1551901,Stellus Capital Investment Corporation,NYSE,US,USD,Financial Services,Asset Management,335094420.0,12.0,2025-12-01T21:00:09.411933,11.94,12.15,2.0,1000.0,220845.0,2025-12-01T21:00:07Z,0.2100000000000008,1.7434620174346271
OWLT,1816708,"Owlet, Inc.",NYSE,US,USD,Healthcare,Medical - Devices,207056615.0,12.94,2025-12-01T21:00:09.412472,12.83,13.07,500.0,200.0,161974.0,2025-12-01T20:59:03Z,0.2400000000000002,1.853281853281855
CTGO,1502377,"Contango Ore, Inc.",AMEX,US,USD,Basic Materials,Gold,296766496.0,24.3,2025-12-01T21:00:09.415371,24.2,24.58,500.0,100.0,91165.0,2025-12-01T20:59:27Z,0.379999999999999,1.5580155801557976
ACCO,712034,ACCO Brands Corporation,NYSE,US,USD,Industrials,Business Equipment & Supplies,313223062.0,3.475,2025-12-01T21:00:09.416607,3.4,3.49,28.0,135.0,545753.0,2025-12-01T21:00:18Z,0.0900000000000003,2.612481857764885
VNDA,1347178,Vanda Pharmaceuticals Inc.,NASDAQ,US,USD,Healthcare,Biotechnology,296943029.0,5.025,2025-12-01T21:00:09.417282,5.02,5.03,251.0,500.0,630982.0,2025-12-01T20:59:56Z,0.0100000000000006,0.1990049751243915
CIO,1593222,"City Office REIT, Inc.",NYSE,US,USD,Real Estate,REIT - Office,274674570.0,6.805,2025-12-01T21:00:09.418288,6.8,6.81,1500.0,1000.0,491282.0,2025-12-01T21:00:17Z,0.0099999999999997,0.1469507714915472
GLDG,1538847,GoldMining Inc.,AMEX,CA,USD,Basic Materials,Gold,295262850.0,1.425,2025-12-01T21:00:09.418734,1.42,1.43,1500.0,4799.0,2592712.0,2025-12-01T20:59:55Z,0.01,0.701754385964913
QSI,1816431,Quantum-Si incorporated,NASDAQ,US,USD,Healthcare,Biotechnology,253240045.0,1.295,2025-12-01T21:00:09.419009,1.27,1.32,49.0,103.0,3284199.0,2025-12-01T20:59:55Z,0.05,3.861003861003864
SEG,2009684,Seaport Entertainment Group Inc.,NYSE,US,USD,Real Estate,Real Estate - Services,264571100.0,20.775,2025-12-01T21:00:09.419592,20.57,20.85,400.0,300.0,178984.0,2025-12-01T20:59:30Z,0.2800000000000011,1.3520038628681852
CURI,1776909,CuriosityStream Inc.,NASDAQ,US,USD,Communication Services,Broadcasting,266152198.0,4.57,2025-12-01T21:00:09.419975,4.55,4.58,200.0,100.0,528857.0,2025-12-01T20:59:59Z,0.0300000000000002,0.6571741511500603
TPVG,1580345,TriplePoint Venture Growth BDC Corp.,NYSE,US,USD,Financial Services,Asset Management,255259188.0,6.32,2025-12-01T21:00:09.420068,6.3,6.33,200.0,100.0,400410.0,2025-12-01T21:00:06Z,0.0300000000000002,0.4750593824228069
MPAA,918251,"Motorcar Parts of America, Inc.",NASDAQ,US,USD,Consumer Cyclical,Auto - Parts,256365789.0,13.14,2025-12-01T21:00:09.420557,13.0,13.22,2.0,2.0,125179.0,2025-12-01T20:59:57Z,0.2200000000000006,1.6781083142639257
EB,1475115,"Eventbrite, Inc.",NYSE,US,USD,Technology,Software - Application,242696640.0,2.485,2025-12-01T21:00:09.420625,2.48,2.49,3422.0,2200.0,264821.0,2025-12-01T20:59:58Z,0.0100000000000002,0.4024144869215384
WALD,1840199,Waldencast plc,NASDAQ,US,USD,Technology,Software - Application,267248790.0,2.385,2025-12-01T21:00:09.421258,2.38,2.39,100.0,100.0,60409.0,2025-12-01T20:59:17Z,0.0100000000000002,0.4192872117400517
LNKB,1756701,"LINKBANCORP, Inc.",NASDAQ,US,USD,Financial Services,Banks - Regional,285224760.0,7.615,2025-12-01T21:00:09.422115,7.57,7.66,1.0,1.0,46843.0,2025-12-01T20:59:54Z,0.0899999999999998,1.1818778726198274
GASS,1328919,StealthGas Inc.,NASDAQ,GR,USD,Industrials,Marine Shipping,252697336.0,6.8,2025-12-01T21:00:09.422380,6.77,6.84,1.0,1.0,211885.0,2025-12-01T20:59:59Z,0.0700000000000002,1.0286554004408566
XPER,1788999,Xperi Inc.,NASDAQ,US,USD,Technology,Semiconductors,264082716.0,5.7,2025-12-01T21:00:09.422598,5.65,5.71,400.0,700.0,494705.0,2025-12-01T20:59:49Z,0.0599999999999996,1.0563380281690071
AIRO,1927958,"AIRO Group Holdings, Inc. Common Stock",NASDAQ,US,USD,Industrials,Aerospace & Defense,256843336.0,8.205,2025-12-01T21:00:09.423110,8.12,8.27,10.0,10.0,376015.0,2025-12-01T20:59:58Z,0.1500000000000003,1.8303843807199556
LSAK,1041514,"Lesaka Technologies, Inc.",NASDAQ,ZA,USD,Technology,Software - Infrastructure,314903564.0,3.745,2025-12-01T21:00:09.423263,3.76,3.78,1.0,1.0,41046.0,2025-12-01T20:59:18Z,0.02,0.5305039787798413
PLMK,2030482,Plum Acquisition Corp. IV,NASDAQ,US,USD,Financial Services,Financial - Conglomerates,251883482.0,10.39,2025-12-01T21:00:09.423621,10.36,10.48,800.0,1600.0,465.0,2025-12-01T20:51:16Z,0.120000000000001,1.1516314779270729
GSRF,2073928,GSR IV Acquisition Corp. Class A ordinary share,NASDAQ,US,USD,Financial Services,Asset Management,236318445.0,9.99,2025-12-01T21:00:09.423938,9.99,10.01,2800.0,2808.0,96983.0,2025-12-01T20:59:31Z,0.0199999999999995,0.1999999999999957
DH,1861795,Definitive Healthcare Corp.,NASDAQ,US,USD,Healthcare,Medical - Healthcare Information Services,275303526.0,2.665,2025-12-01T21:00:09.426802,2.65,2.68,100.0,100.0,271032.0,2025-12-01T21:00:00Z,0.0300000000000002,1.1257035647279643
SVAC,2074850,Spring Valley Acquisition Corp. III Class A Ordinary Shares,NASDAQ,US,USD,Financial Services,Asset Management,316476937.0,10.3199,2025-12-01T21:00:09.430626,10.26,10.46,5.0,2.0,44741.0,2025-12-01T20:32:49Z,0.200000000000001,1.9305019305019409
NREF,1786248,"NexPoint Real Estate Finance, Inc.",NYSE,US,USD,Real Estate,REIT - Mortgage,255194323.0,14.4,2025-12-01T21:00:09.430861,14.25,14.44,500.0,300.0,37006.0,2025-12-01T20:59:35Z,0.1899999999999995,1.324503311258275
OEC,1609804,Orion Engineered Carbons S.A.,NYSE,LU,USD,Basic Materials,Chemicals - Specialty,284959758.0,5.075,2025-12-01T21:00:09.431118,5.02,5.09,800.0,600.0,722515.0,2025-12-01T20:59:58Z,0.0700000000000002,1.3847675568743876
REFI,1867949,"Chicago Atlantic Real Estate Finance, Inc.",NASDAQ,US,USD,Real Estate,REIT - Mortgage,265232625.0,12.585,2025-12-01T21:00:09.431837,12.55,12.62,1.0,1.0,124951.0,2025-12-01T20:59:54Z,0.0699999999999985,0.5562177195073381
INVZ,1835654,Innoviz Technologies Ltd.,NASDAQ,IL,USD,Consumer Cyclical,Auto - Parts,250010083.0,1.2,2025-12-01T21:00:09.432252,1.2,1.22,1100.0,1100.0,2853829.0,2025-12-01T21:00:00Z,0.02,1.6528925619834725
AREC,1590715,American Resources Corporation,NASDAQ,US,USD,Energy,Coal,269398710.0,2.835,2025-12-01T21:00:09.433193,2.82,2.86,36.0,36.0,5136261.0,2025-12-01T20:59:59Z,0.04,1.4084507042253531
PAYS,1496443,"PaySign, Inc.",NASDAQ,US,USD,Technology,Software - Infrastructure,270397918.0,5.005,2025-12-01T21:00:09.433512,4.99,5.03,4.0,4.0,307855.0,2025-12-01T21:00:00Z,0.04,0.7984031936127752
VMD,1729149,"Viemed Healthcare, Inc.",NASDAQ,US,USD,Healthcare,Medical - Devices,267834328.0,6.86,2025-12-01T21:00:09.434532,6.86,6.87,2.0,2.0,141404.0,2025-12-01T20:59:56Z,0.0099999999999997,0.1456664238892904
ZH,1835724,Zhihu Inc.,NYSE,CN,USD,Communication Services,Internet Content & Information,281128127.0,3.525,2025-12-01T21:00:09.435746,3.52,3.53,800.0,800.0,383462.0,2025-12-01T20:59:50Z,0.0099999999999997,0.2836879432624053
CGC,1737927,Canopy Growth Corporation,NASDAQ,CA,USD,Healthcare,Drug Manufacturers - Specialty & Generic,272154083.0,1.135,2025-12-01T21:00:09.437031,1.13,1.14,76.0,5.0,15889285.0,2025-12-01T21:00:07Z,0.01,0.8810572687224679
OTGA,2077010,OTG Acquisition Corp. I Class A Ordinary Share,NASDAQ,US,USD,Financial Services,Asset Management,346458375.0,10.035,2025-12-01T21:00:09.438334,10.02,10.05,4.0,4.0,51881.0,2025-12-01T20:59:26Z,0.0300000000000011,0.298953662182373
AVBH,1443575,"Avidbank Holdings, Inc.",NASDAQ,US,USD,Financial Services,Banks - Regional,208305531.0,26.31,2025-12-01T21:00:09.438551,26.29,26.6,2.0,1.0,25612.0,2025-12-01T21:00:00Z,0.3100000000000023,1.1722442805823492
RLGT,1171155,"Radiant Logistics, Inc.",AMEX,US,USD,Industrials,Integrated Freight & Logistics,293743296.0,6.265,2025-12-01T21:00:09.438840,6.23,6.31,800.0,200.0,75991.0,2025-12-01T20:59:53Z,0.0799999999999991,1.2759170653907366
QUAD,1481792,"Quad/Graphics, Inc.",NYSE,US,USD,Industrials,Specialty Business Services,293483606.0,5.775,2025-12-01T21:00:09.439725,5.77,5.79,800.0,700.0,138792.0,2025-12-01T20:59:53Z,0.0200000000000004,0.3460207612456827
ELA,701719,Envela Corporation,AMEX,US,USD,Consumer Cyclical,Luxury Goods,297801070.0,11.47,2025-12-01T21:00:09.439936,11.44,11.54,100.0,300.0,49463.0,2025-12-01T20:59:51Z,0.0999999999999996,0.8703220191470814
RMAX,1581091,"RE/MAX Holdings, Inc.",NYSE,US,USD,Real Estate,Real Estate - Services,165255128.0,8.24,2025-12-01T21:00:09.440109,8.18,8.26,400.0,300.0,119906.0,2025-12-01T20:59:51Z,0.08,0.9732360097323612
CBAN,711669,"Colony Bankcorp, Inc.",NASDAQ,US,USD,Financial Services,Banks - Regional,301128844.0,17.22,2025-12-01T21:00:09.440184,17.2,17.28,200.0,200.0,34773.0,2025-12-01T20:59:57Z,0.0800000000000018,0.4640371229698482
EM,1834253,Smart Share Global Limited,NASDAQ,CN,USD,Consumer Cyclical,Personal Products & Services,174983023.0,1.38,2025-12-01T21:00:09.440315,1.36,1.37,2.0,1.0,174223.0,2025-12-01T20:59:44Z,0.01,0.7326007326007331
LZM,1958217,Lifezone Metals Limited,NYSE,GB,USD,Basic Materials,Industrial Materials,291106676.0,3.675,2025-12-01T21:00:09.440716,3.67,3.76,200.0,300.0,170363.0,2025-12-01T20:59:45Z,0.0899999999999998,2.4226110363391617
CZNC,810958,Citizens & Northern Corporation,NASDAQ,US,USD,Financial Services,Banks - Regional,309615995.0,20.17,2025-12-01T21:00:09.441554,20.07,20.26,1.0,1.0,35143.0,2025-12-01T20:59:59Z,0.1900000000000012,0.9422266303000312
FEIM,39020,"Frequency Electronics, Inc.",NASDAQ,US,USD,Technology,Communication Equipment,271614690.0,27.86,2025-12-01T21:00:09.442041,27.6,28.09,1.0,1.0,107496.0,2025-12-01T20:59:59Z,0.4899999999999984,1.7597414257496804
WTI,1288403,"W&T Offshore, Inc.",NYSE,US,USD,Energy,Oil & Gas Exploration & Production,252862335.0,1.7,2025-12-01T21:00:09.443571,1.69,1.76,1630.0,4.0,1704359.0,2025-12-01T21:00:11Z,0.07,4.0579710144927565
LWAC,2061379,LightWave Acquisition Corp.,NASDAQ,KY,USD,Financial Services,Asset Management,303757510.0,10.1,2025-12-01T21:00:09.443671,10.02,10.18,5.0,0.0,29601.0,2025-12-01T18:45:38Z,0.1600000000000001,1.5841584158415856
NHIC,2043699,NewHold Investment Corp III,NASDAQ,US,USD,Financial Services,Asset Management,286341581.0,10.3699,2025-12-01T21:00:09.445729,10.35,10.4,1600.0,1000.0,39615.0,2025-12-01T17:54:12Z,0.0500000000000007,0.4819277108433803
VOXR,1907909,Vox Royalty Corp.,NASDAQ,CA,USD,Basic Materials,Other Precious Metals,241639929.0,4.75,2025-12-01T21:00:09.446466,4.75,4.77,2.0,2.0,367706.0,2025-12-01T21:00:00Z,0.0199999999999995,0.4201680672268818
NODK,1681206,"NI Holdings, Inc.",NASDAQ,US,USD,Financial Services,Insurance - Property & Casualty,274357380.0,13.31,2025-12-01T21:00:09.446790,13.29,13.5,2.0,1.0,56149.0,2025-12-01T20:57:58Z,0.2100000000000008,1.5677491601343847
DENN,852772,Denny's Corporation,NASDAQ,US,USD,Consumer Cyclical,Restaurants,318521278.0,6.185,2025-12-01T21:00:09.448172,6.17,6.19,2.0,2.0,2598600.0,2025-12-01T21:00:25Z,0.0200000000000004,0.3236245954692631
DCTH,872912,"Delcath Systems, Inc.",NASDAQ,US,USD,Healthcare,Medical - Devices,332055250.0,9.565,2025-12-01T21:00:09.448641,9.5,9.62,8.0,8.0,484725.0,2025-12-01T21:00:01Z,0.1199999999999992,1.2552301255230045
HYLN,1759631,Hyliion Holdings Corp.,NYSE,US,USD,Consumer Cyclical,Auto - Parts,322735618.0,1.835,2025-12-01T21:00:09.449542,1.83,1.9,2400.0,4500.0,950624.0,2025-12-01T21:00:07Z,0.0699999999999998,3.753351206434308
HRZN,1487428,Horizon Technology Finance Corporation,NASDAQ,US,USD,Financial Services,Asset Management,271247154.0,6.64,2025-12-01T21:00:09.450059,6.62,6.75,6.0,6.0,578446.0,2025-12-01T21:00:11Z,0.1299999999999999,1.9446522064323093
ASPN,1145986,"Aspen Aerogels, Inc.",NYSE,US,USD,Industrials,Construction,278885278.0,3.375,2025-12-01T21:00:09.901406,3.34,3.37,1600.0,11600.0,2306432.0,2025-12-01T21:00:01Z,0.0300000000000002,0.8941877794336885
SLQT,1794783,"SelectQuote, Inc.",NYSE,US,USD,Financial Services,Insurance - Brokers,246360442.0,1.4,2025-12-01T21:00:09.901724,1.39,1.43,3100.0,3800.0,442402.0,2025-12-01T21:00:11Z,0.04,2.836879432624116
ACB,1683541,Aurora Cannabis Inc.,NASDAQ,CA,USD,Healthcare,Drug Manufacturers - Specialty & Generic,257134725.0,4.545,2025-12-01T21:00:09.901854,4.52,4.6,10.0,10.0,598416.0,2025-12-01T21:00:38Z,0.08,1.7543859649122824
CCCC,1662579,"C4 Therapeutics, Inc.",NASDAQ,US,USD,Healthcare,Biotechnology,180434466.0,2.535,2025-12-01T21:00:09.901888,2.53,2.54,599.0,500.0,1231652.0,2025-12-01T20:59:56Z,0.0100000000000002,0.3944773175542497
BNC,1482541,CEA Industries Inc. Common Stock,NASDAQ,US,USD,Industrials,Engineering & Construction,278962956.0,6.475,2025-12-01T21:00:09.902174,6.43,6.51,1.0,1.0,797930.0,2025-12-01T21:00:01Z,0.08,1.2364760432766626
SPCE,1706946,"Virgin Galactic Holdings, Inc.",NYSE,US,USD,Industrials,Aerospace & Defense,239528758.0,3.79,2025-12-01T21:00:09.902726,3.77,3.81,2500.0,1300.0,1453714.0,2025-12-01T21:00:08Z,0.04,1.0554089709762544
SLS,1390478,"SELLAS Life Sciences Group, Inc.",NASDAQ,US,USD,Healthcare,Biotechnology,158106249.0,1.5,2025-12-01T21:00:09.902836,1.48,1.52,1.0,5.0,2479311.0,2025-12-01T21:00:01Z,0.04,2.6666666666666687
GPJA,41091,Georgia Power Company 5% JR SUB NT 77,NYSE,US,USD,Utilities,Regulated Electric,211625275.0,22.85,2025-12-01T21:00:09.903066,22.77,22.9,100.0,100.0,14181.0,2025-12-01T20:45:11Z,0.129999999999999,0.5693015108386206
BHR,1574085,Braemar Hotels & Resorts Inc.,NYSE,US,USD,Real Estate,REIT - Hotel & Motel,177370523.0,2.6,2025-12-01T21:00:09.903229,2.59,2.62,600.0,600.0,219804.0,2025-12-01T20:59:57Z,0.0300000000000002,1.1516314779270729
EWCZ,1856236,"European Wax Center, Inc.",NASDAQ,US,USD,Consumer Defensive,Household & Personal Products,218602814.0,3.935,2025-12-01T21:00:09.903416,3.89,3.97,3.0,3.0,293844.0,2025-12-01T21:00:00Z,0.08,2.035623409669213
SHIP,1448397,Seanergy Maritime Holdings Corp.,NASDAQ,GR,USD,Industrials,Marine Shipping,221592459.0,10.495,2025-12-01T21:00:09.903487,10.47,10.53,1.0,1.0,191906.0,2025-12-01T21:00:00Z,0.0599999999999987,0.5714285714285593
DSX,1318885,Diana Shipping Inc.,NYSE,GR,USD,Industrials,Marine Shipping,222286080.0,1.92,2025-12-01T21:00:09.903521,1.89,1.93,800.0,1100.0,515296.0,2025-12-01T21:00:08Z,0.04,2.094240837696337
EARN,1560672,Ellington Credit Company,NYSE,US,USD,Financial Services,Asset Management,199499907.0,5.31,2025-12-01T21:00:09.903663,5.3,5.34,7700.0,3200.0,334911.0,2025-12-01T21:00:08Z,0.04,0.7518796992481209
SMHI,1690334,SEACOR Marine Holdings Inc.,NYSE,US,USD,Industrials,Marine Shipping,190317507.0,7.055,2025-12-01T21:00:09.904081,7.01,7.09,100.0,300.0,132821.0,2025-12-01T20:59:28Z,0.08,1.1347517730496466
EMIS,2075816,Emmis Acquisition Corp. Class A Ordinary Shares,NASDAQ,US,USD,Financial Services,Asset Management,156969528.0,9.95,2025-12-01T21:00:09.906218,9.94,9.95,2.0,2.0,33863.0,2025-12-01T21:00:01Z,0.0099999999999997,0.1005530417295101
SLND,1883814,"Southland Holdings, Inc.",AMEX,US,USD,Industrials,Engineering & Construction,173432280.0,3.205,2025-12-01T21:00:09.906327,3.19,3.22,200.0,100.0,49808.0,2025-12-01T20:59:28Z,0.0300000000000002,0.9360374414976677
PLCE,1041859,"The Children's Place, Inc.",NASDAQ,US,USD,Consumer Cyclical,Apparel - Retail,166148328.0,7.495,2025-12-01T21:00:09.906589,7.44,7.53,2.0,2.0,302910.0,2025-12-01T21:00:01Z,0.0899999999999998,1.2024048096192366
BLNK,1429764,Blink Charging Co.,NASDAQ,US,USD,Industrials,Engineering & Construction,131469994.0,1.265,2025-12-01T21:00:09.906829,1.25,1.28,21.0,21.0,1186453.0,2025-12-01T21:00:01Z,0.03,2.3715415019762864
GHI,1059142,Greystone Housing Impact Investors LP,NYSE,US,USD,Financial Services,Financial - Mortgages,156941225.0,6.655,2025-12-01T21:00:09.907243,6.66,6.72,100.0,700.0,172054.0,2025-12-01T20:59:55Z,0.0599999999999996,0.8968609865470795
ESOA,1357971,Energy Services of America Corporation,NASDAQ,US,USD,Industrials,Engineering & Construction,142362100.0,8.55,2025-12-01T21:00:09.907375,8.49,8.63,1.0,1.0,216302.0,2025-12-01T21:00:01Z,0.1400000000000005,1.6355140186915953
MDV,1645873,Modiv Inc.,NYSE,US,USD,Real Estate,REIT - Diversified,150477331.0,14.645,2025-12-01T21:00:09.907497,14.58,14.74,100.0,500.0,34422.0,2025-12-01T20:59:36Z,0.1600000000000001,1.0914051841746255
ELTX,1601485,"Elicio Therapeutics, Inc.",NASDAQ,US,USD,Healthcare,Biotechnology,154896408.0,8.975,2025-12-01T21:00:09.908055,8.95,9.05,1.0,1.0,116443.0,2025-12-01T21:00:01Z,0.1000000000000014,1.111111111111127
RANG,2035644,Range Capital Acquisition Corp.,NASDAQ,US,USD,Financial Services,Financial - Conglomerates,167274333.0,10.4302,2025-12-01T21:00:09.909023,10.4,10.47,800.0,400.0,9799.0,2025-12-01T21:00:03Z,0.0700000000000002,0.6708193579300458
DDD,910638,3D Systems Corporation,NYSE,US,USD,Technology,Computer Hardware,258119718.0,2.005,2025-12-01T21:00:09.909632,2.0,2.01,40.0,251.0,1397842.0,2025-12-01T21:00:55Z,0.0099999999999997,0.4987531172069719
XGN,1274737,Exagen Inc.,NASDAQ,US,USD,Healthcare,Medical - Diagnostics & Research,169973243.0,7.5,2025-12-01T21:00:09.909919,7.47,7.54,4.0,1.0,322154.0,2025-12-01T21:00:00Z,0.0700000000000002,0.9327115256495708
PLG,1095052,Platinum Group Metals Ltd.,AMEX,CA,USD,Basic Materials,Other Precious Metals,280766915.0,2.405,2025-12-01T21:00:09.909975,2.4,2.43,3900.0,2400.0,2966864.0,2025-12-01T20:59:59Z,0.0300000000000002,1.2422360248447308
MCGA,2064658,Yorkville Acquisition Corp.,NASDAQ,US,USD,Financial Services,Asset Management,180605599.0,10.1286,2025-12-01T21:00:09.910668,10.1,10.15,3.0,3.0,320074.0,2025-12-01T21:00:00Z,0.0500000000000007,0.4938271604938342
RDNW,1596961,"RideNow Group, Inc.",NASDAQ,US,USD,Consumer Cyclical,Auto - Dealerships,141044932.0,3.71,2025-12-01T21:00:09.911857,3.63,3.74,100.0,18.0,15873.0,2025-10-20T17:37:29Z,0.1100000000000003,2.9850746268656803
REKR,1697851,"Rekor Systems, Inc.",NASDAQ,US,USD,Technology,Software - Infrastructure,214739206.0,1.695,2025-12-01T21:00:09.912673,1.7,1.75,10.0,2440.0,3449829.0,2025-12-01T21:00:57Z,0.05,2.898550724637684
AGEN,1098972,Agenus Inc.,NASDAQ,US,USD,Healthcare,Biotechnology,145778428.0,4.3,2025-12-01T21:00:09.913288,4.26,4.36,1.0,1.0,598389.0,2025-12-01T21:00:00Z,0.1000000000000005,2.3201856148492
VLN,1863006,Valens Semiconductor Ltd.,NYSE,IL,USD,Technology,Semiconductors,164242740.0,1.575,2025-12-01T21:00:09.913496,1.55,1.61,12100.0,1300.0,440283.0,2025-12-01T21:00:03Z,0.06,3.797468354430383
OSUR,1116463,"OraSure Technologies, Inc.",NASDAQ,US,USD,Healthcare,Medical - Instruments & Supplies,179787978.0,2.42,2025-12-01T21:00:09.913731,2.38,2.44,1.0,1.0,531169.0,2025-12-01T21:00:57Z,0.06,2.4896265560165998
BCIC,1372807,BCP Investment Corporation,NASDAQ,US,USD,Financial Services,Asset Management,130921321.0,13.02,2025-12-01T21:00:09.914118,13.0,13.07,1.0,4.0,59973.0,2025-12-01T21:00:01Z,0.0700000000000002,0.5370157268891468
FFAI,1805521,Faraday Future Intelligent Electric Inc.,NASDAQ,US,USD,Consumer Cyclical,Auto - Manufacturers,97217142.0,1.06,2025-12-01T21:00:09.914242,1.05,1.06,62.0,62.0,4624332.0,2025-12-01T21:00:52Z,0.01,0.9478672985781998
SOCA,2065948,Solarius Capital Acquisition Corp. Class A Ordinary Share,NASDAQ,US,USD,Financial Services,Asset Management,178947000.0,10.11,2025-12-01T21:00:09.914420,10.11,10.12,796.0,1500.0,8743.0,2025-12-01T21:00:02Z,0.0099999999999997,0.0988630746416192
LOGC,2064307,ContextLogic Inc.,NASDAQ,US,USD,Consumer Cyclical,Specialty Retail,198782636.0,7.45,2025-12-01T21:00:09.915145,7.44,7.59,798.0,1946.0,18145.0,2025-12-01T20:45:38Z,0.1499999999999994,1.996007984031929
OXSQ,1259429,Oxford Square Capital Corp.,NASDAQ,US,USD,Financial Services,Asset Management,150935182.0,1.8485,2025-12-01T21:00:09.915391,1.83,1.85,377.0,10.0,1086597.0,2025-12-01T21:01:25Z,0.02,1.0869565217391313
LKSP,2043508,Lake Superior Acquisition Corp.,NASDAQ,US,USD,Financial Services,Asset Management,155677863.0,9.92,2025-12-01T21:00:09.917394,9.91,9.92,1400.0,1400.0,224.0,2025-12-01T21:00:02Z,0.0099999999999997,0.1008572869389792
GIFI,1031623,"Gulf Island Fabrication, Inc.",NASDAQ,US,USD,Industrials,Manufacturing - Metal Fabrication,190493175.0,11.88,2025-12-01T21:00:09.917465,11.87,11.93,1731.0,1800.0,43018.0,2025-12-01T21:01:25Z,0.0600000000000005,0.5042016806722732
PERF,1899830,Perfect Corp.,NYSE,TW,USD,Technology,Software - Application,186235144.0,1.815,2025-12-01T21:00:09.918932,1.81,1.88,39.0,1050.0,98761.0,2025-12-01T21:01:24Z,0.0699999999999998,3.794037940379395
SKIN,1818093,The Beauty Health Company,NASDAQ,US,USD,Consumer Defensive,Household & Personal Products,190617073.0,1.495,2025-12-01T21:00:09.919643,1.49,1.51,2.0,2.0,561401.0,2025-12-01T21:00:01Z,0.02,1.3333333333333344
JILL,1687932,"J.Jill, Inc.",NYSE,US,USD,Consumer Cyclical,Apparel - Retail,180013957.0,15.59,2025-12-01T21:00:09.919691,15.51,15.69,400.0,600.0,79049.0,2025-12-01T20:59:52Z,0.1799999999999997,1.153846153846152
NPWR,1845437,NET Power Inc.,NYSE,US,USD,Industrials,Industrial - Machinery,241269301.0,2.875,2025-12-01T21:00:09.919810,2.85,2.9,3200.0,3600.0,1717464.0,2025-12-01T21:00:12Z,0.0499999999999998,1.7391304347826024
ETHM,2028699,Dynamix Corporation Class A Ordinary Shares,NASDAQ,US,USD,Financial Services,Financial - Conglomerates,170150000.0,10.25,2025-12-01T21:00:09.920429,10.25,10.3,10.0,1250.0,201026.0,2025-12-01T21:00:49Z,0.0500000000000007,0.4866180048661869
CZWI,1367859,"Citizens Community Bancorp, Inc.",NASDAQ,US,USD,Financial Services,Banks - Regional,173059790.0,17.345,2025-12-01T21:00:09.921544,17.16,17.39,1.0,1.0,9101.0,2025-12-01T21:00:01Z,0.2300000000000004,1.33140376266281
GPRO,1500435,"GoPro, Inc.",NASDAQ,US,USD,Technology,Consumer Electronics,259954830.0,1.655,2025-12-01T21:00:09.921902,1.65,1.68,5100.0,5683.0,4112965.0,2025-12-01T21:01:41Z,0.03,1.801801801801804
AIRS,1870940,"AirSculpt Technologies, Inc.",NASDAQ,US,USD,Healthcare,Medical - Care Facilities,210099395.0,3.365,2025-12-01T21:00:09.922176,3.29,3.39,3.0,3.0,867138.0,2025-12-01T21:00:58Z,0.1,2.994011976047907
DFDV,1805526,DeFi Development Corp.,NASDAQ,US,USD,Technology,Software - Infrastructure,137924996.0,6.57,2025-12-01T21:00:09.922251,6.55,6.61,2.0,2.0,1892690.0,2025-12-01T21:00:00Z,0.0600000000000005,0.9118541033434726
CADL,1841387,"Candel Therapeutics, Inc.",NASDAQ,US,USD,Healthcare,Biotechnology,245681451.0,4.475,2025-12-01T21:00:09.922535,4.43,4.52,7.0,7.0,813380.0,2025-12-01T21:00:02Z,0.0899999999999998,2.011173184357539
HUMA,1818382,"Humacyte, Inc.",NASDAQ,US,USD,Healthcare,Biotechnology,183521363.0,1.285,2025-12-01T21:00:09.923018,1.26,1.29,51.0,51.0,3751034.0,2025-12-01T21:00:00Z,0.03,2.3529411764705905
POWW,1015383,Outdoor Holding Company,NASDAQ,US,USD,Industrials,Aerospace & Defense,212556151.0,1.815,2025-12-01T21:00:09.923318,1.76,1.85,3.0,3.0,229059.0,2025-12-01T21:01:08Z,0.09,4.9861495844875385
HCAT,1636422,"Health Catalyst, Inc.",NASDAQ,US,USD,Healthcare,Medical - Healthcare Information Services,206180527.0,2.915,2025-12-01T21:00:09.923981,2.9,2.94,2.0,2.0,1294714.0,2025-12-01T21:00:01Z,0.04,1.3698630136986314
ZURA,1855644,Zura Bio Limited,NASDAQ,US,USD,Healthcare,Biotechnology,242206872.0,3.725,2025-12-01T21:00:09.924317,3.72,3.78,1.0,1.0,353530.0,2025-12-01T21:00:01Z,0.0599999999999996,1.5999999999999897
FRAF,723646,Franklin Financial Services Corporation,NASDAQ,US,USD,Financial Services,Banks - Regional,236403573.0,52.78,2025-12-01T21:00:09.924515,52.62,53.05,1.0,2.0,24504.0,2025-12-01T21:02:07Z,0.4299999999999997,0.8138544525409288
ONL,1873923,Orion Properties Inc.,NYSE,US,USD,Real Estate,REIT - Office,122484329.0,2.175,2025-12-01T21:00:10.153655,2.17,2.19,1100.0,1500.0,255425.0,2025-12-01T20:59:50Z,0.02,0.9174311926605514
SRFM,1936224,Surf Air Mobility Inc.,NYSE,US,USD,Industrials,"Airlines, Airports & Air Services",65232739.0,1.935,2025-12-01T21:00:10.154043,1.89,1.96,7500.0,5700.0,2873770.0,2025-12-01T20:59:56Z,0.07,3.63636363636364
LGCY,1836754,Legacy Education Inc.,AMEX,US,USD,Consumer Defensive,Education & Training Services,123156482.0,9.8,2025-12-01T21:00:10.154517,9.81,9.98,200.0,100.0,58374.0,2025-12-01T20:50:56Z,0.1699999999999999,1.7180394138453756
DTIL,1357874,"Precision BioSciences, Inc.",NASDAQ,US,USD,Healthcare,Biotechnology,65548640.0,4.945,2025-12-01T21:00:10.154560,4.91,5.0,1.0,1.0,153895.0,2025-12-01T21:00:00Z,0.0899999999999998,1.8163471241170503
ZENA,1997403,"ZenaTech, Inc.",NASDAQ,CA,USD,Technology,Software - Infrastructure,83771189.0,3.285,2025-12-01T21:00:10.154673,3.24,3.33,5.0,91.0,430510.0,2025-12-01T21:02:22Z,0.0899999999999998,2.739726027397256
BTM,1901799,Bitcoin Depot Inc.,NASDAQ,US,USD,Financial Services,Financial - Capital Markets,38047373.0,1.415,2025-12-01T21:00:10.155313,1.38,1.42,2.0,1.0,1143191.0,2025-12-01T21:00:38Z,0.04,2.85714285714286
CURV,1792781,Torrid Holdings Inc.,NYSE,US,USD,Consumer Cyclical,Apparel - Retail,149041917.0,1.43,2025-12-01T21:00:10.155507,1.43,1.48,900.0,2100.0,271957.0,2025-12-01T21:00:08Z,0.05,3.436426116838491
MERC,1333274,Mercer International Inc.,NASDAQ,CA,USD,Basic Materials,"Paper, Lumber & Forest Products",118224123.0,1.765,2025-12-01T21:00:10.157862,1.72,1.79,2.0,2.0,574725.0,2025-12-01T21:00:00Z,0.07,3.988603988603993
VANI,1266806,"Vivani Medical, Inc.",NASDAQ,US,USD,Healthcare,Medical - Devices,79164868.0,1.34,2025-12-01T21:00:10.158271,1.28,1.34,2.0,28.0,80011.0,2025-12-01T21:00:15Z,0.06,4.580152671755729
CFSB,1879103,"CFSB Bancorp, Inc.",NASDAQ,US,USD,Financial Services,Banks - Regional,93317194.0,14.25,2025-12-01T21:00:10.159397,14.24,14.25,3936.0,243.0,12367.0,2025-10-31T23:45:36Z,0.0099999999999997,0.0702000702000687
SOL,1417892,"Emeren Group, Ltd.",NYSE,US,USD,Energy,Solar,88529798.0,1.725,2025-12-01T21:00:10.159442,1.7,1.76,24600.0,800.0,171268.0,2025-12-01T20:59:50Z,0.06,3.4682080924855523
SOHO,1301236,Sotherly Hotels Inc.,NASDAQ,US,USD,Real Estate,REIT - Hotel & Motel,44259482.0,2.16,2025-12-01T21:00:10.160794,2.16,2.18,5.0,9.0,18902.0,2025-12-01T21:00:22Z,0.02,0.921658986175116
SQNS,1383395,Sequans Communications S.A.,NYSE,FR,USD,Technology,Semiconductors,140254808.0,5.535,2025-12-01T21:00:10.163296,5.5,5.6,770.0,10.0,134836.0,2025-12-01T21:01:25Z,0.0999999999999996,1.801801801801796
OTLK,1649989,"Outlook Therapeutics, Inc.",NASDAQ,US,USD,Healthcare,Biotechnology,82842422.0,1.865,2025-12-01T21:00:10.163538,1.77,1.86,500.0,1.0,1478286.0,2025-12-01T21:01:23Z,0.09,4.958677685950417
IFRX,1708688,InflaRx N.V.,NASDAQ,DE,USD,Healthcare,Biotechnology,78925406.0,1.165,2025-12-01T21:00:10.165059,1.14,1.19,10.0,15.0,864648.0,2025-12-01T21:00:00Z,0.05,4.291845493562235
SSEA,2059165,Starry Sea Acquisition Corp Ordinary Shares,NASDAQ,US,USD,Financial Services,Asset Management,76358710.0,10.0,2025-12-01T21:00:10.166510,9.96,10.0,2800.0,2800.0,10000.0,2025-12-01T20:59:59Z,0.0399999999999991,0.4008016032064043
RPTX,1808158,Repare Therapeutics Inc.,NASDAQ,CA,USD,Healthcare,Biotechnology,91759364.0,2.135,2025-12-01T21:00:10.168264,2.1,2.15,10500.0,200.0,467386.0,2025-12-01T21:00:49Z,0.0499999999999998,2.35294117647058
CHMI,1571776,Cherry Hill Mortgage Investment Corporation,NYSE,US,USD,Real Estate,REIT - Mortgage,90011868.0,2.45,2025-12-01T21:00:10.169502,2.43,2.47,400.0,300.0,184199.0,2025-12-01T20:59:54Z,0.04,1.632653061224491
RILY,1464790,"B. Riley Financial, Inc.",NASDAQ,US,USD,Financial Services,Financial - Conglomerates,123000205.0,4.02,2025-12-01T21:00:10.169757,4.01,4.12,20.0,500.0,653688.0,2025-12-01T21:02:29Z,0.1100000000000003,2.706027060270611
TYGO,1855447,"Tigo Energy, Inc.",NASDAQ,US,USD,Energy,Solar,107923656.0,1.725,2025-12-01T21:00:10.170026,1.69,1.77,1.0,1.0,303884.0,2025-12-01T21:00:00Z,0.08,4.624277456647403
AISP,1842566,"Airship AI Holdings, Inc.",NASDAQ,US,USD,Technology,Software - Infrastructure,109566839.0,3.56,2025-12-01T21:00:10.170664,3.57,3.64,3.0,2000.0,588278.0,2025-12-01T21:03:02Z,0.0700000000000002,1.9417475728155416
GRWG,1604868,GrowGeneration Corp.,NASDAQ,US,USD,Consumer Cyclical,Specialty Retail,90962033.0,1.52,2025-12-01T21:00:10.170751,1.5,1.55,100.0,28.0,168278.0,2025-12-01T21:02:27Z,0.05,3.2786885245901667
FORR,1023313,"Forrester Research, Inc.",NASDAQ,US,USD,Industrials,Consulting Services,138816915.0,7.305,2025-12-01T21:00:10.170845,7.26,7.34,1.0,1.0,286270.0,2025-12-01T21:00:02Z,0.08,1.0958904109589052
FATE,1434316,"Fate Therapeutics, Inc.",NASDAQ,US,USD,Healthcare,Biotechnology,119359107.0,1.035,2025-12-01T21:00:10.171327,1.04,1.09,100.0,3101.0,1392283.0,2025-12-01T21:02:54Z,0.05,4.694835680751178
PELI,2037431,Pelican Acquisition Corporation Ordinary Shares,NASDAQ,US,USD,Financial Services,Asset Management,122027288.0,10.17,2025-12-01T21:00:10.171748,10.13,10.17,800.0,400.0,270.0,2025-12-01T21:00:03Z,0.0399999999999991,0.3940886699507305
LSE,1985139,"Leishen Energy Holding Co., Ltd.",NASDAQ,CN,USD,Energy,Oil & Gas Equipment & Services,88019250.0,5.17,2025-12-01T21:00:10.172048,5.15,5.25,491.0,50.0,3207.0,2025-12-01T20:51:15Z,0.0999999999999996,1.923076923076916
HLP,1855557,Hongli Group Inc.,NASDAQ,CN,USD,Basic Materials,Steel,118970775.0,1.62,2025-12-01T21:00:10.173114,1.63,1.68,1.0,2.0,55958.0,2025-12-01T20:59:24Z,0.05,3.0211480362537797
MX,1325702,Magnachip Semiconductor Corporation,NYSE,LU,USD,Technology,Semiconductors,97319627.0,2.705,2025-12-01T21:00:10.173378,2.68,2.72,146.0,2.0,383748.0,2025-12-01T21:03:13Z,0.04,1.4814814814814827
CLYM,1768446,"Climb Bio, Inc.",NASDAQ,US,USD,Healthcare,Biotechnology,122391061.0,1.795,2025-12-01T21:00:10.173795,1.76,1.83,2.0,2.0,301328.0,2025-12-01T21:00:00Z,0.07,3.8997214484679694
ASYS,720500,"Amtech Systems, Inc.",NASDAQ,US,USD,Technology,Semiconductors,112650889.0,7.87,2025-12-01T21:00:10.173847,7.85,7.92,1.0,1.0,46141.0,2025-12-01T21:00:02Z,0.0700000000000002,0.8877615726062179
RBKB,1751783,"Rhinebeck Bancorp, Inc.",NASDAQ,US,USD,Financial Services,Banks - Regional,122825405.0,11.02,2025-12-01T21:00:10.174250,11.02,11.12,1.0,100.0,2065.0,2025-12-01T21:00:00Z,0.0999999999999996,0.9033423667569976
WSBK,2047235,"Winchester Bancorp, Inc. Common Stock",NASDAQ,US,USD,Financial Services,Banks - Regional,90069409.0,9.69,2025-12-01T21:00:10.175496,9.6,9.78,1.0,1.0,6742.0,2025-12-01T20:59:46Z,0.1799999999999997,1.8575851393188827
WHWK,1422142,Whitehawk Therapeutics Inc,NASDAQ,US,USD,Healthcare,Biotechnology,106981382.0,2.27,2025-12-01T21:00:10.175702,2.28,2.31,2.0,1.0,332912.0,2025-12-01T21:00:01Z,0.0300000000000002,1.307189542483671
GCTS,1851961,"GCT Semiconductor Holding, Inc.",NYSE,US,USD,Technology,Semiconductors,77084403.0,1.35,2025-12-01T21:00:10.176575,1.34,1.35,2032.0,279.0,72360.0,2025-12-01T20:51:15Z,0.01,0.7434944237918222
ADVM,1501756,"Adverum Biotechnologies, Inc.",NASDAQ,US,USD,Healthcare,Biotechnology,92835749.0,4.205,2025-12-01T21:00:10.176602,4.2,4.22,1.0,1.0,862426.0,2025-12-01T21:00:10Z,0.0199999999999995,0.4750593824227927
EXFY,1476840,"Expensify, Inc.",NASDAQ,US,USD,Technology,Software - Application,139454613.0,1.5,2025-12-01T21:00:10.176733,1.48,1.54,4.0,2.0,312371.0,2025-12-01T21:00:00Z,0.06,3.973509933774838
HAIN,910406,"The Hain Celestial Group, Inc.",NASDAQ,US,USD,Consumer Defensive,Packaged Foods,97909100.0,1.085,2025-12-01T21:00:10.176878,1.06,1.11,13.0,13.0,1478123.0,2025-12-01T21:00:02Z,0.05,4.60829493087558
TZOO,1133311,Travelzoo,NASDAQ,US,USD,Communication Services,Advertising Agencies,76526359.0,7.0,2025-12-01T21:00:10.377373,6.96,7.0,1.0,1.0,113620.0,2025-12-01T21:00:01Z,0.04,0.5730659025787971
ACRV,1781174,"Acrivon Therapeutics, Inc. Common Stock",NASDAQ,US,USD,Healthcare,Biotechnology,76205629.0,2.415,2025-12-01T21:00:10.377554,2.38,2.45,2.0,2.0,565671.0,2025-12-01T21:00:01Z,0.0700000000000002,2.898550724637693
HMR,2029471,Heidmar Maritime Holdings Corp.,NASDAQ,TW,USD,Industrials,Marine Shipping,66167867.0,1.135,2025-12-01T21:00:10.379211,1.11,1.16,300.0,90.0,59573.0,2025-12-01T21:00:12Z,0.0499999999999998,4.405286343612319
ATHE,1131343,Alterity Therapeutics Limited,NASDAQ,AU,USD,Healthcare,Biotechnology,29623972.0,3.268,2025-12-01T21:00:10.380256,3.25,3.29,10.0,100.0,28895.0,2025-12-01T20:59:48Z,0.04,1.2232415902140683
NEUE,1671284,"NeueHealth, Inc.",NYSE,US,USD,Healthcare,Medical - Equipment & Services,60940693.0,6.753,2025-12-01T21:00:10.381708,6.7,6.81,53.0,40.0,11964.0,2025-10-03T13:52:00Z,0.1099999999999994,1.628423390081413
PSQH,1847064,"PSQ Holdings, Inc.",NYSE,US,USD,Technology,Software - Application,57884973.0,1.25,2025-12-01T21:00:10.381950,1.25,1.31,4.0,3.0,603914.0,2025-12-01T21:03:37Z,0.06,4.687500000000004
SUUN,2011053,PowerBank Corporation,NASDAQ,CA,USD,Utilities,Renewable Utilities,57708769.0,1.575,2025-12-01T21:00:10.382005,1.55,1.61,30.0,111.0,303005.0,2025-12-01T21:03:50Z,0.06,3.797468354430383
SELF,1031235,"Global Self Storage, Inc.",NASDAQ,US,USD,Real Estate,REIT - Industrial,58389258.0,5.15,2025-12-01T21:00:10.382690,5.1,5.2,1.0,1100.0,19281.0,2025-12-01T21:00:35Z,0.1000000000000005,1.941747572815544
POAS,2024258,Phaos Technology Holdings (Cayman) Limited,AMEX,SG,SGD,Healthcare,Medical - Devices,47451511.0,3.5673,2025-12-01T21:00:10.386967,3.5,3.59,5700.0,2000.0,178382.0,2025-12-01T20:59:28Z,0.0899999999999998,2.538787023977429
IRBT,1159167,iRobot Corporation,NASDAQ,US,USD,Consumer Cyclical,"Furnishings, Fixtures & Appliances",53308890.0,1.675,2025-12-01T21:00:10.388070,1.67,1.69,2.0,7.0,26381002.0,2025-12-01T21:00:54Z,0.02,1.1904761904761916
TELA,1561921,"TELA Bio, Inc.",NASDAQ,US,USD,Healthcare,Medical - Devices,44750922.0,1.11,2025-12-01T21:00:10.388837,1.09,1.13,1.0,1.0,360216.0,2025-12-01T21:00:13Z,0.0399999999999998,3.603603603603587
JUNS,1679628,"Jupiter Neurosciences, Inc.",NASDAQ,US,USD,Healthcare,Biotechnology,41532160.0,1.205,2025-12-01T21:00:10.388934,1.19,1.25,1.0,1.0,24801.0,2025-12-01T21:03:42Z,0.06,4.9180327868852505
AMWL,1393584,American Well Corporation,NYSE,US,USD,Healthcare,Medical - Healthcare Information Services,65483820.0,4.0,2025-12-01T21:00:10.391829,3.98,4.04,100.0,400.0,132695.0,2025-12-01T20:59:48Z,0.06,1.496259351620949
BTAI,1720893,"BioXcel Therapeutics, Inc.",NASDAQ,US,USD,Healthcare,Biotechnology,45051151.0,2.06,2025-12-01T21:00:10.393525,2.03,2.08,6.0,6.0,558547.0,2025-12-01T21:00:01Z,0.0500000000000002,2.4330900243309137
HOLO,1841209,MicroCloud Hologram Inc.,NASDAQ,CN,USD,Technology,"Hardware, Equipment & Parts",49013269.0,3.3646,2025-12-01T21:00:10.394548,3.34,3.39,6.0,3.0,343440.0,2025-12-01T21:00:02Z,0.0500000000000002,1.4858841010401267
OPHC,1288855,"OptimumBank Holdings, Inc.",NASDAQ,US,USD,Financial Services,Banks - Regional,47864947.0,4.1499,2025-12-01T21:00:10.394889,4.13,4.15,1500.0,100.0,15751.0,2025-12-01T20:48:31Z,0.0200000000000004,0.4830917874396246
OPAD,1825024,Offerpad Solutions Inc.,NYSE,US,USD,Real Estate,Real Estate - Services,50502059.0,1.77,2025-12-01T21:00:10.397250,1.75,1.78,1500.0,2500.0,741699.0,2025-12-01T21:00:06Z,0.03,1.6997167138810214
MURA,1971543,Mural Oncology plc,NASDAQ,IE,USD,Healthcare,Biotechnology,35122584.0,2.025,2025-12-01T21:00:10.397976,2.02,2.03,1.0,6.0,99081.0,2025-12-01T21:02:34Z,0.0099999999999997,0.4938271604938166
LOAN,1080340,"Manhattan Bridge Capital, Inc.",NASDAQ,US,USD,Real Estate,REIT - Mortgage,53990433.0,4.72,2025-12-01T21:00:10.399478,4.68,4.73,1.0,1.0,25891.0,2025-12-01T21:00:42Z,0.0500000000000007,1.0626992561105355
MGLD,1005101,"The Marygold Companies, Inc.",AMEX,US,USD,Financial Services,Asset Management,43990892.0,1.0274,2025-12-01T21:00:10.400995,1.01,1.05,400.0,400.0,1492.0,2025-12-01T19:11:17Z,0.04,3.883495145631071
EPOW,1780731,"Sunrise New Energy Co., Ltd.",NASDAQ,CN,USD,Industrials,Consulting Services,31208023.0,1.16,2025-12-01T21:00:10.402986,0.828,1.17,2.0,2.0,21057.0,2025-12-01T21:00:01Z,0.3419999999999999,34.23423423423424
HOVR,1930021,New Horizon Aircraft Ltd.,NASDAQ,CA,USD,Industrials,Aerospace & Defense,62896335.0,1.535,2025-12-01T21:00:10.403200,1.52,1.58,3.0,3.0,437210.0,2025-12-01T21:00:41Z,0.06,3.870967741935488
NSTS,1881592,"NSTS Bancorp, Inc.",NASDAQ,US,USD,Financial Services,Banks - Regional,58422608.0,11.1514,2025-12-01T21:00:10.404628,11.13,11.29,100.0,2.0,741.0,2025-12-01T21:01:23Z,0.1599999999999983,1.4272970561998068
MAIA,1878313,"MAIA Biotechnology, Inc.",AMEX,US,USD,Healthcare,Biotechnology,44253607.0,1.195,2025-12-01T21:00:10.601810,1.18,1.19,300.0,1000.0,4036664.0,2025-12-01T20:59:59Z,0.01,0.8438818565400852
QTTB,1661998,Q32 Bio Inc.,NASDAQ,US,USD,Healthcare,Biotechnology,46935216.0,3.815,2025-12-01T21:00:10.606773,3.78,3.87,1.0,1.0,166765134.0,2025-12-01T21:01:20Z,0.0900000000000003,2.3529411764705963
TIRX,1782941,Tian Ruixiang Holdings Ltd,NASDAQ,CN,USD,Financial Services,Insurance - Brokers,28505094.0,1.09,2025-12-01T21:00:10.608453,0.76,1.05,100.0,100.0,522749.0,2025-12-01T21:04:49Z,0.29,32.04419889502763
NRXS,1933567,"NeurAxis, Inc.",NASDAQ,US,USD,Healthcare,Biotechnology,28594982.0,2.685,2025-12-01T21:00:10.611001,2.68,2.76,100.0,400.0,28484.0,2025-12-01T20:59:09Z,0.0799999999999996,2.9411764705882217
BEEM,1398805,Beam Global,NASDAQ,US,USD,Energy,Solar,28345133.0,1.8,2025-12-01T21:00:10.611378,1.78,1.87,1.0,1.0,104253.0,2025-12-01T21:04:01Z,0.09,4.931506849315072
FTHM,1753162,Fathom Holdings Inc.,NASDAQ,US,USD,Real Estate,Real Estate - Services,39031106.0,1.205,2025-12-01T21:00:10.614842,1.18,1.24,2.0,2.0,87882.0,2025-12-01T21:00:50Z,0.06,4.958677685950417
PRZO,1916241,ParaZero Technologies Ltd.,NASDAQ,IL,USD,Industrials,Aerospace & Defense,25415338.0,1.3545,2025-12-01T21:00:10.615808,1.35,1.38,947.0,5804.0,299935.0,2025-12-01T21:04:16Z,0.0299999999999998,2.1978021978021838
CVU,889348,"CPI Aerostructures, Inc.",AMEX,US,USD,Industrials,Aerospace & Defense,35964851.0,2.76,2025-12-01T21:00:10.620551,2.74,2.8,250.0,89.0,47502.0,2025-12-01T21:05:01Z,0.0599999999999996,2.1660649819494444
BOSC,1005516,B.O.S. Better Online Solutions Ltd.,NASDAQ,IL,USD,Technology,Communication Equipment,26524566.0,4.46,2025-12-01T21:00:10.621448,4.41,4.49,1.0,1.0,138327.0,2025-12-01T21:00:01Z,0.08,1.7977528089887655
RYET,1873454,Ruanyun Edai Technology Inc. Ordinary shares,NASDAQ,CN,USD,Consumer Defensive,Education & Training Services,39987005.0,1.1848,2025-12-01T21:00:10.621803,1.17,1.22,1.0,1.0,337180.0,2025-12-01T21:00:01Z,0.05,4.184100418410046
LATA,2076427,Galata Acquisition Corp. II Class A Ordinary Shares,NASDAQ,US,USD,Financial Services,Asset Management,171982500.0,9.97,2025-12-01T21:00:11.277069,9.97,10.01,100.0,60.0,94521.0,2025-12-01T21:00:49Z,0.0399999999999991,0.4004004004003919
NEWTI,1587987,"NewtekOne, Inc. 8.00% Fixed Rate Senior Notes due 2028",NASDAQ,US,USD,Financial Services,Financial - Credit Services,323889809.0,25.2102,2025-12-01T21:00:11.710751,25.05,25.4,39.0,100.0,562.0,2025-12-01T21:00:10Z,0.3499999999999978,1.38751238850346
YCS,1415311,ProShares UltraShort Yen,AMEX,US,USD,Financial Services,Asset Management - Leveraged,26196552.0,49.84,2025-12-01T21:00:12.242888,49.75,49.86,1700.0,2000.0,123158.0,2025-12-01T21:04:19Z,0.1099999999999994,0.2208613593012738
SVACU,2074850,Spring Valley Acquisition Corp. III,NASDAQ,US,USD,Financial Services,Asset Management,278666994.0,10.45,2025-12-01T21:00:12.242960,10.41,10.49,5.0,0.0,13181.0,2025-12-01T18:12:28Z,0.08,0.7655502392344504
KOLD,1415311,ProShares UltraShort Bloomberg Natural Gas,AMEX,US,USD,Financial Services,Asset Management - Leveraged,110350496.0,24.27,2025-12-01T21:00:12.243816,24.28,24.31,14500.0,3500.0,8271242.0,2025-12-01T21:00:58Z,0.0299999999999975,0.1234821979831141
SCO,1415311,ProShares UltraShort Bloomberg Crude Oil,AMEX,US,USD,Financial Services,Asset Management - Leveraged,161227873.0,18.59,2025-12-01T21:00:12.245242,18.53,18.72,300.0,500.0,855941.0,2025-12-01T21:04:02Z,0.1899999999999977,1.020134228187907
YCL,1415311,ProShares Ultra Yen,AMEX,US,USD,Financial Services,Asset Management,44974501.0,19.55,2025-12-01T21:00:12.253828,19.43,19.59,8000.0,8000.0,87078.0,2025-12-01T21:04:49Z,0.1600000000000001,0.8200922603792935
EUO,1415311,ProShares UltraShort Euro,AMEX,US,USD,Financial Services,Asset Management - Leveraged,34036819.0,28.935,2025-12-01T21:00:12.254066,28.87,28.98,5000.0,100.0,16463.0,2025-12-01T21:02:30Z,0.1099999999999994,0.3802938634399289
GLL,1415311,ProShares UltraShort Gold,AMEX,US,USD,Financial Services,Asset Management - Leveraged,70060618.0,27.08,2025-12-01T21:00:12.254277,27.08,27.1,11700.0,20600.0,1494238.0,2025-12-01T21:05:12Z,0.0200000000000031,0.0738279808047365
GECCG,1675033,Great Elm Capital Corp. 7.75% Notes Due 2030,NASDAQ,US,USD,Financial Services,Asset Management,289788420.0,25.05,2025-12-01T21:00:12.453248,24.99,25.15,100.0,250.0,1805.0,2025-12-01T20:49:44Z,0.1600000000000001,0.6382130035899487
BWNB,1630805,"Babcock & Wilcox Enterprises, I",NYSE,US,USD,Technology,Consumer Electronics,89180000.0,24.5,2025-12-01T21:00:12.453829,24.35,24.8,1400.0,700.0,53548.0,2025-12-01T21:00:49Z,0.4499999999999993,1.8311291963377383
GECCI,1675033,Great Elm Capital Corp. 8.50% Notes DUE 2029,NASDAQ,US,USD,Financial Services,Asset Management,105356617.0,25.43,2025-12-01T21:00:12.459522,25.05,25.54,10.0,2188.0,109.0,2025-12-01T21:00:09Z,0.4899999999999984,1.9371417276141465
ACR-PD,1332551,ACRES Commercial Realty Corp.,NYSE,US,USD,Real Estate,REIT - Mortgage,153555711.0,22.07,2025-12-01T21:00:12.791756,21.94,22.1,200.0,100.0,2850.0,2025-12-01T21:00:02Z,0.1600000000000001,0.7266121707538608
