Ticker,CIK,Company,Exchange,Country,Currency,Sector,Industry,MarketCap,Price,UpdatedAt,BidPrice,AskPrice,BidSize,AskSize,AfterHoursVolume,QuoteTimestamp,Spread,SpreadPct
NEO,1077183,"NeoGenomics, Inc.",NASDAQ,US,USD,Healthcare,Medical - Diagnostics & Research,309108778.0,12.1,2025-11-29T23:49:55.460658,12.08,12.1,2.0,5.0,962121.0,2025-11-28T22:00:02Z,0.0199999999999995,0.1654259718775812
WDH,1823986,Waterdrop Inc.,NYSE,CN,USD,Financial Services,Insurance - Diversified,65130566.0,1.8,2025-11-29T23:49:55.998921,1.8,1.88,5564.0,16.0,177582.0,2025-11-28T21:54:44Z,0.0799999999999998,4.347826086956514
IVVD,1832038,"Invivyd, Inc.",NASDAQ,US,USD,Healthcare,Biotechnology,322532544.0,2.43,2025-11-29T23:49:55.999819,2.4,2.45,25.0,26.0,1261655.0,2025-11-28T21:00:00Z,0.0500000000000002,2.061855670103104
MBVI,2073928,M3-Brigade Acquisition VI Corp. Class A Ordinary Shares,NASDAQ,US,USD,Financial Services,Asset Management,346725000.0,10.05,2025-11-29T23:49:56.015418,10.0,10.1,1.0,1000.0,5298.0,2025-11-28T22:00:02Z,0.0999999999999996,0.9950248756218868
NFE,1749723,New Fortress Energy Inc.,NASDAQ,US,USD,Utilities,Regulated Gas,347154429.0,1.22,2025-11-29T23:49:56.017333,1.18,1.24,128.0,77.0,6102706.0,2025-11-28T18:00:00Z,0.06,4.958677685950417
GIW,2080019,GigCapital8 Corp.,NASDAQ,US,USD,Financial Services,Asset Management,254138776.0,9.905,2025-11-29T23:49:56.019014,9.89,9.94,4.0,1000.0,16369.0,2025-11-28T21:49:14Z,0.0499999999999989,0.504286434694896
ABAT,1576873,American Battery Technology Company Common Stock,NASDAQ,US,USD,Basic Materials,Industrial Materials,342671794.0,3.75,2025-11-29T23:49:56.019106,3.71,3.78,69.0,83.0,3048638.0,2025-11-28T18:00:01Z,0.0699999999999998,1.8691588785046689
TLNC,2073340,Talon Capital Corp. Class A Ordinary Shares,NASDAQ,US,USD,Financial Services,Asset Management,345053614.0,10.14,2025-11-29T23:49:56.020213,10.13,10.15,2393.0,100.0,791.0,2025-11-28T21:40:51Z,0.0199999999999995,0.1972386587771161
IMRX,1790340,Immuneering Corporation,NASDAQ,US,USD,Healthcare,Biotechnology,278075909.0,7.66,2025-11-29T23:49:56.023804,7.55,7.64,38.0,100.0,678891.0,2025-11-28T22:00:02Z,0.0899999999999998,1.1849901250822892
PALI,1357459,"Palisade Bio, Inc.",NASDAQ,US,USD,Healthcare,Biotechnology,312906300.0,2.1,2025-11-29T23:49:56.227456,2.09,2.1,3266.0,2568.0,2546659.0,2025-11-28T21:36:00Z,0.0100000000000002,0.477326968973758
KNOP,1564180,KNOT Offshore Partners LP,NYSE,GB,USD,Industrials,Marine Shipping,337727204.0,9.92,2025-11-29T23:49:56.227913,9.84,10.0,20.0,1011.0,23445.0,2025-11-28T22:00:02Z,0.1600000000000001,1.6129032258064528
HCMA,1845368,HCM Acquisition Corp,NASDAQ,US,USD,Financial Services,Shell Companies,133420390.0,10.12,2025-11-29T23:49:56.228160,10.11,10.22,1000.0,11.0,3466.0,2025-11-28T22:00:02Z,0.1100000000000012,1.0821446138711384
IPI,1421461,"Intrepid Potash, Inc.",NYSE,US,USD,Basic Materials,Agricultural Inputs,339701380.0,25.3,2025-11-29T23:49:56.228741,25.31,25.7,2.0,20.0,48436.0,2025-11-28T21:58:37Z,0.3900000000000005,1.5291119388355248
FERA,2025401,Fifth Era Acquisition Corp I Class A Ordinary Shares,NASDAQ,US,USD,Financial Services,Shell Companies,323610014.0,10.35,2025-11-29T23:49:56.228991,10.17,10.35,4.0,1.0,4669.0,2025-11-28T21:00:00Z,0.1799999999999997,1.7543859649122775
XYF,1725033,X Financial,NYSE,CN,USD,Financial Services,Financial - Credit Services,48873800.0,6.88,2025-11-29T23:49:56.229035,6.9,6.98,1.0,201.0,103040.0,2025-11-28T21:57:39Z,0.08,1.1527377521613842
TVA,2033991,Texas Ventures Acquisition III Corp,NASDAQ,US,USD,Financial Services,Shell Companies,322785314.0,10.68,2025-11-29T23:49:56.229205,10.57,10.75,1.0,1.0,7010.0,2025-11-28T18:00:00Z,0.1799999999999997,1.6885553470919297
ALDF,2031561,Aldel Financial II Inc.,NASDAQ,US,USD,Financial Services,Shell Companies,312885011.0,10.48,2025-11-29T23:49:56.229503,10.39,10.48,1.0,1.0,593.0,2025-11-28T18:00:00Z,0.0899999999999998,0.8624820316243398
OCFT,1780531,"OneConnect Financial Technology Co., Ltd.",NYSE,CN,USD,Technology,Software - Application,286787795.0,7.89,2025-11-29T23:49:56.229832,7.88,7.97,200.0,100.0,122441.0,2025-10-29T23:56:25Z,0.0899999999999998,1.1356466876971592
CERS,1020214,Cerus Corporation,NASDAQ,US,USD,Healthcare,Medical - Devices,337851149.0,1.76,2025-11-29T23:49:56.230522,1.72,1.79,5.0,6.0,651270.0,2025-11-28T22:00:02Z,0.07,3.988603988603993
UMAC,1956955,"Unusual Machines, Inc.",AMEX,US,USD,Financial Services,Shell Companies,272170500.0,8.75,2025-11-29T23:49:56.230560,8.75,8.76,2.0,60.0,964287.0,2025-11-28T19:40:12Z,0.0099999999999997,0.1142204454597348
MREO,1719714,Mereo BioPharma Group plc,NASDAQ,GB,USD,Healthcare,Biotechnology,298574622.0,1.87,2025-11-29T23:49:56.230678,1.83,1.89,1200.0,38.0,386796.0,2025-11-28T22:00:02Z,0.0599999999999998,3.225806451612894
TTSH,1552800,"Tile Shop Holdings, Inc.",NASDAQ,US,USD,Consumer Cyclical,Home Improvement,289529631.0,6.475,2025-11-29T23:49:56.230869,6.38,6.5,400.0,2212.0,346829.0,2025-11-28T22:00:02Z,0.1200000000000001,1.8633540372670825
WTI,1288403,"W&T Offshore, Inc.",NYSE,US,USD,Energy,Oil & Gas Exploration & Production,264018026.0,1.775,2025-11-29T23:49:56.230905,1.78,1.8,16.0,88.0,913293.0,2025-11-28T21:59:36Z,0.02,1.1173184357541908
GLDG,1538847,GoldMining Inc.,AMEX,CA,USD,Basic Materials,Gold,296298860.0,1.43,2025-11-29T23:49:56.231804,1.42,1.43,2120.0,525.0,1794658.0,2025-11-28T20:50:02Z,0.01,0.701754385964913
ACRE,1529377,Ares Commercial Real Estate Corporation,NYSE,US,USD,Real Estate,REIT - Mortgage,291640201.0,5.3,2025-11-29T23:49:56.233291,5.19,5.27,4200.0,300.0,284095.0,2025-11-28T18:00:02Z,0.0799999999999991,1.5296367112810552
BZAI,2030578,"Blaize Holdings, Inc.",NASDAQ,US,USD,Technology,Semiconductors,276915439.0,2.495,2025-11-29T23:49:56.233667,2.5,2.53,61.0,1548.0,1391085.0,2025-11-28T21:58:40Z,0.0299999999999998,1.1928429423459168
TPVG,1580345,TriplePoint Venture Growth BDC Corp.,NYSE,US,USD,Financial Services,Asset Management,262529228.0,6.5,2025-11-29T23:49:56.233912,6.48,6.54,900.0,100.0,212570.0,2025-11-28T18:00:02Z,0.0599999999999996,0.9216589861751092
EGHT,1023731,"8x8, Inc.",NASDAQ,US,USD,Technology,Software - Application,268962304.0,1.94,2025-11-29T23:49:56.233999,1.88,1.97,100.0,10.0,205213.0,2025-11-28T21:38:29Z,0.09,4.67532467532468
XPER,1788999,Xperi Inc.,NASDAQ,US,USD,Technology,Semiconductors,268252443.0,5.79,2025-11-29T23:49:56.234070,5.79,5.81,1700.0,500.0,177028.0,2025-11-28T18:00:02Z,0.0199999999999995,0.3448275862068892
NTWO,2028027,Newbury Street II Acquisition Corp,NASDAQ,US,USD,Financial Services,Shell Companies,186823133.0,10.38,2025-11-29T23:49:56.234257,10.31,10.43,4.0,1.0,276.0,2025-11-28T18:00:00Z,0.1199999999999992,1.157184185149462
BLZE,1462056,"Backblaze, Inc.",NASDAQ,US,USD,Technology,Software - Infrastructure,273395597.0,4.74,2025-11-29T23:49:56.234352,4.7,4.8,5500.0,5.0,673338.0,2025-11-28T21:57:11Z,0.0999999999999996,2.1052631578947296
MPAA,918251,"Motorcar Parts of America, Inc.",NASDAQ,US,USD,Consumer Cyclical,Auto - Parts,257146202.0,13.18,2025-11-29T23:49:56.234588,13.12,13.27,2.0,2.0,40020.0,2025-11-28T21:00:00Z,0.1500000000000003,1.1367942402425188
FDBC,1098151,"Fidelity D & D Bancorp, Inc.",NASDAQ,US,USD,Financial Services,Banks - Regional,252491781.0,43.78,2025-11-29T23:49:56.234850,43.58,43.98,1.0,13.0,2415.0,2025-11-28T22:00:02Z,0.3999999999999986,0.9136592051164882
LOKV,2048951,Live Oak Acquisition Corp. V Class A Ordinary Shares,NASDAQ,US,USD,Financial Services,Shell Companies,293802833.0,10.25,2025-11-29T23:49:56.234976,10.2,10.3,1000.0,911.0,17564.0,2025-11-28T22:00:02Z,0.1000000000000014,0.9756097560975748
VERI,1615165,"Veritone, Inc.",NASDAQ,US,USD,Technology,Software - Infrastructure,220447114.0,4.365,2025-11-29T23:49:56.235056,4.4,4.42,38.0,54.0,2068031.0,2025-11-28T21:59:57Z,0.0199999999999995,0.4535147392290152
LAND,1495240,Gladstone Land Corporation,NASDAQ,US,USD,Real Estate,REIT - Industrial,336786019.0,9.31,2025-11-29T23:49:56.235115,9.25,9.39,100.0,200.0,205710.0,2025-11-28T21:39:14Z,0.1400000000000005,1.5021459227467873
CZNC,810958,Citizens & Northern Corporation,NASDAQ,US,USD,Financial Services,Banks - Regional,309462492.0,20.16,2025-11-29T23:49:56.235505,19.97,20.23,1.0,1.0,16176.0,2025-11-28T18:00:01Z,0.2600000000000015,1.2935323383084654
GSRF,2073928,GSR IV Acquisition Corp. Class A ordinary share,NASDAQ,US,USD,Financial Services,Asset Management,236555000.0,10.0,2025-11-29T23:49:56.237105,10.0,10.1,1.0,1.0,140.0,2025-11-28T21:00:00Z,0.0999999999999996,0.9950248756218868
ACCO,712034,ACCO Brands Corporation,NYSE,US,USD,Industrials,Business Equipment & Supplies,310068298.0,3.44,2025-11-29T23:49:56.238021,3.4,3.48,4300.0,2800.0,357222.0,2025-11-28T18:00:02Z,0.08,2.325581395348839
OBA,2034313,Oxley Bridge Acquisition Limited,NASDAQ,CA,USD,Financial Services,Shell Companies,316566270.0,10.01,2025-11-29T23:49:56.238588,9.96,10.01,1.0,1.0,795.0,2025-11-28T17:54:56Z,0.0499999999999989,0.5007511266900244
HVMC,2070602,Highview Merger Corp. Class A Ordinary Share,NASDAQ,US,USD,Financial Services,Banks,294394110.0,10.01,2025-11-29T23:49:56.238704,9.99,10.05,900.0,1000.0,10085.0,2025-11-28T22:00:02Z,0.0600000000000005,0.5988023952095858
FCEL,886128,"FuelCell Energy, Inc.",NASDAQ,US,USD,Industrials,Electrical Equipment & Parts,143894105.0,6.71,2025-11-29T23:49:56.239081,6.72,6.75,2.0,6.0,1013216.0,2025-11-28T22:00:02Z,0.0300000000000002,0.4454342984409836
GRRR,1903145,Gorilla Technology Group Inc.,NASDAQ,TW,USD,Technology,Software - Infrastructure,341150290.0,13.76,2025-11-29T23:49:56.239187,13.72,13.85,6.0,25.0,378045.0,2025-11-28T21:59:44Z,0.129999999999999,0.9430540442509904
SVAC,2074850,Spring Valley Acquisition Corp. III Class A Ordinary Shares,NASDAQ,US,USD,Financial Services,Asset Management,318933337.0,10.4,2025-11-29T23:49:56.239270,10.26,10.46,5.0,2.0,40.0,2025-11-26T21:00:00Z,0.200000000000001,1.9305019305019409
NREF,1786248,"NexPoint Real Estate Finance, Inc.",NYSE,US,USD,Real Estate,REIT - Mortgage,256612069.0,14.48,2025-11-29T23:49:56.239329,14.43,14.57,100.0,300.0,12469.0,2025-11-28T18:00:02Z,0.1400000000000005,0.9655172413793144
AXIN,2057030,Axiom Intelligence Acquisition Corp 1,NASDAQ,GB,USD,Financial Services,Shell Companies,341369370.0,10.06,2025-11-29T23:49:56.239631,10.02,10.07,10.0,1.0,3882.0,2025-11-25T21:00:00Z,0.0500000000000007,0.4977600796416198
OEC,1609804,Orion Engineered Carbons S.A.,NYSE,LU,USD,Basic Materials,Chemicals - Specialty,285240506.0,5.08,2025-11-29T23:49:56.239688,5.02,5.1,1.0,1999.0,376989.0,2025-11-28T22:00:02Z,0.08,1.5810276679841913
RXT,1810019,"Rackspace Technology, Inc.",NASDAQ,US,USD,Technology,Software - Infrastructure,258207647.0,1.06,2025-11-29T23:49:56.239739,1.06,1.1,3499.0,28.0,721508.0,2025-11-28T22:00:02Z,0.04,3.703703703703707
AACB,2034334,Artius II Acquisition Inc. Class A Ordinary Shares,NASDAQ,US,USD,Financial Services,Shell Companies,284222271.0,10.27,2025-11-29T23:49:56.240667,10.09,10.27,8.0,4.0,283.0,2025-11-28T18:00:00Z,0.1799999999999997,1.7681728880157142
SZZL,2030663,Sizzle Acquisition Corp. II,NASDAQ,US,USD,Financial Services,Shell Companies,239540000.0,10.15,2025-11-29T23:49:56.241091,10.11,10.19,5.0,0.0,364.0,2025-11-28T14:32:51Z,0.08,0.7881773399014786
OYSE,2042182,Oyster Enterprises II Acquisition Corp,NASDAQ,US,USD,Financial Services,Shell Companies,342533945.0,10.1,2025-11-29T23:49:56.241538,10.09,10.11,3.0,0.0,1869.0,2025-11-28T18:00:00Z,0.0199999999999995,0.1980198019801938
DMAA,2028614,Drugs Made In America Acquisition Corp. Ordinary Shares,NASDAQ,US,USD,Financial Services,Shell Companies,346232087.0,10.33,2025-11-29T23:49:56.241618,10.22,10.36,4.0,700.0,669.0,2025-11-28T19:40:12Z,0.1399999999999988,1.3605442176870632
SIMA,2014982,SIM Acquisition Corp. I,NASDAQ,US,USD,Financial Services,Shell Companies,323533326.0,10.55,2025-11-29T23:49:56.242155,10.48,10.59,20.0,2.0,345.0,2025-11-28T18:00:00Z,0.1099999999999994,1.0441385856668195
PACH,2040381,Pioneer Acquisition I Corp.,NASDAQ,KY,USD,Financial Services,Asset Management,319175025.0,10.11,2025-11-29T23:49:56.243150,10.02,10.11,4.0,4.0,523.0,2025-11-28T17:45:24Z,0.0899999999999998,0.8941877794336797
CGC,1737927,Canopy Growth Corporation,NASDAQ,CA,USD,Healthcare,Drug Manufacturers - Specialty & Generic,280546500.0,1.17,2025-11-29T23:49:56.243779,1.16,1.18,6040.0,100.0,7898705.0,2025-11-28T22:00:02Z,0.02,1.7094017094017109
OTGA,2077010,OTG Acquisition Corp. I Class A Ordinary Share,NASDAQ,US,USD,Financial Services,Asset Management,346976250.0,10.05,2025-11-29T23:49:56.244475,10.02,10.05,4.0,4.0,356.0,2025-11-28T17:42:25Z,0.0300000000000011,0.298953662182373
AVBH,1443575,"Avidbank Holdings, Inc.",NASDAQ,US,USD,Financial Services,Banks - Regional,207038755.0,26.15,2025-11-29T23:49:56.244679,26.13,26.15,1.0,1.0,15635.0,2025-11-28T18:00:02Z,0.0199999999999995,0.0765110941086441
CIO,1593222,"City Office REIT, Inc.",NYSE,US,USD,Real Estate,REIT - Office,274876388.0,6.81,2025-11-29T23:49:56.246083,6.79,6.89,2189.0,40.0,163555.0,2025-11-28T21:59:43Z,0.0999999999999996,1.4619883040935622
ISBA,842517,Isabella Bank Corporation,NASDAQ,US,USD,Financial Services,Banks - Regional,309116262.0,42.0,2025-11-29T23:49:56.246153,41.7,42.0,1.0,1.0,5037.0,2025-11-28T21:00:00Z,0.2999999999999971,0.7168458781361938
JACS,2039058,Jackson Acquisition Company II,NYSE,US,USD,Financial Services,Shell Companies,308031900.0,10.41,2025-11-29T23:49:56.246525,10.35,10.45,1000.0,1100.0,247.0,2025-11-28T21:57:46Z,0.0999999999999996,0.9615384615384585
SPOK,1289945,"Spok Holdings, Inc.",NASDAQ,US,USD,Healthcare,Medical - Healthcare Information Services,273519382.0,13.28,2025-11-29T23:49:56.246795,13.24,13.3889,1.0,1.0,58756.0,2025-11-28T18:00:01Z,0.1488999999999993,1.118333840301322
LPBB,2023676,Launch Two Acquisition Corp.,NASDAQ,US,USD,Financial Services,Shell Companies,300724990.0,10.46,2025-11-29T23:49:56.246911,10.46,10.47,5.0,1.0,529.0,2025-11-28T21:00:00Z,0.0099999999999997,0.0955566172957457
LWAC,2061379,LightWave Acquisition Corp.,NASDAQ,KY,USD,Financial Services,Asset Management,303456760.0,10.09,2025-11-29T23:49:56.246992,10.02,10.16,5.0,0.0,3342.0,2025-11-28T21:00:00Z,0.1400000000000005,1.3875123885034746
DENN,852772,Denny's Corporation,NASDAQ,US,USD,Consumer Cyclical,Restaurants,317748793.0,6.17,2025-11-29T23:49:56.247740,6.07,6.19,3000.0,2.0,433827.0,2025-11-28T21:58:53Z,0.1200000000000001,1.9575856443719428
DCTH,872912,"Delcath Systems, Inc.",NASDAQ,US,USD,Healthcare,Medical - Devices,336741863.0,9.7,2025-11-29T23:49:56.247885,9.57,9.74,7.0,9.0,295804.0,2025-11-28T18:00:02Z,0.1699999999999999,1.7607457276022778
SCM,1551901,Stellus Capital Investment Corporation,NYSE,US,USD,Financial Services,Asset Management,337886874.0,12.1,2025-11-29T23:49:56.248088,12.05,12.1,100.0,300.0,129366.0,2025-11-28T18:00:02Z,0.0499999999999989,0.4140786749482313
HRZN,1487428,Horizon Technology Finance Corporation,NASDAQ,US,USD,Financial Services,Asset Management,272881173.0,6.68,2025-11-29T23:49:56.248331,6.65,6.72,3.0,25.0,183266.0,2025-11-28T22:00:02Z,0.0699999999999994,1.0471204188481584
EDIT,1650664,"Editas Medicine, Inc.",NASDAQ,US,USD,Healthcare,Biotechnology,205106477.0,2.41,2025-11-29T23:49:56.469962,2.38,2.43,15.0,900.0,1010650.0,2025-11-28T21:55:54Z,0.0500000000000002,2.0790020790020898
DDD,910638,3D Systems Corporation,NYSE,US,USD,Technology,Computer Hardware,267775069.0,2.08,2025-11-29T23:49:56.470029,2.06,2.12,11500.0,4000.0,814268.0,2025-11-28T18:00:02Z,0.06,2.8708133971291896
AIRS,1870940,"AirSculpt Technologies, Inc.",NASDAQ,US,USD,Healthcare,Medical - Care Facilities,220401445.0,3.53,2025-11-29T23:49:56.470532,3.48,3.56,4.0,3.0,305426.0,2025-11-28T21:40:51Z,0.08,2.2727272727272747
GPRO,1500435,"GoPro, Inc.",NASDAQ,US,USD,Technology,Consumer Electronics,256028020.0,1.63,2025-11-29T23:49:56.470580,1.6,1.61,100.0,18.0,911771.0,2025-11-28T22:00:02Z,0.01,0.6230529595015583
ETHM,2028699,Dynamix Corporation Class A Ordinary Shares,NASDAQ,US,USD,Financial Services,Financial - Conglomerates,170150000.0,10.25,2025-11-29T23:49:56.471094,10.25,10.3,20.0,1178.0,35619.0,2025-11-28T21:39:27Z,0.0500000000000007,0.4866180048661869
TSSI,1320760,"TSS, Inc.",NASDAQ,US,USD,Technology,Information Technology Services,231282487.0,9.63,2025-11-29T23:49:56.471193,9.61,9.74,1.0,11.0,1135131.0,2025-11-28T21:58:41Z,0.1300000000000007,1.3436692506460028
FRAF,723646,Franklin Financial Services Corporation,NASDAQ,US,USD,Financial Services,Banks - Regional,239673270.0,53.51,2025-11-29T23:49:56.471513,53.3,53.94,1.0,1.0,29445.0,2025-11-28T21:00:00Z,0.6400000000000006,1.1935844834017169
NVX,1859795,Novonix Limited,NASDAQ,AU,USD,Industrials,Electrical Equipment & Parts,175718703.0,1.185,2025-11-29T23:49:56.471545,1.16,1.21,16.0,15.0,820865.0,2025-11-28T18:00:00Z,0.05,4.2194092827004255
INV,2001557,"Innventure, Inc.",NASDAQ,US,USD,Financial Services,Asset Management,323916665.0,5.75,2025-11-29T23:49:56.471573,5.62,5.72,3835.0,199.0,781569.0,2025-11-28T21:56:05Z,0.0999999999999996,1.763668430335091
GSHR,2044635,Gesher Acquisition Corp. II,NASDAQ,US,USD,Financial Services,Shell Companies,209859148.0,10.26,2025-11-29T23:49:56.472061,10.25,10.26,4.0,1.0,7264.0,2025-11-28T21:00:00Z,0.0099999999999997,0.0975134080936108
USAU,27093,U.S. Gold Corp.,NASDAQ,US,USD,Basic Materials,Gold,247658320.0,17.26,2025-11-29T23:49:56.472121,17.21,17.41,1.0,12.0,223471.0,2025-11-28T22:00:02Z,0.1999999999999993,1.1554015020219484
DGXX,1854368,Digi Power X Inc.,NASDAQ,CA,USD,Technology,Software - Infrastructure,182417616.0,4.08,2025-11-29T23:49:56.472219,4.06,4.12,59.0,59.0,2989913.0,2025-11-28T18:00:01Z,0.0600000000000005,1.466992665036687
FLWS,1084869,"1-800-FLOWERS.COM, Inc.",NASDAQ,US,USD,Consumer Cyclical,Specialty Retail,217094564.0,3.41,2025-11-29T23:49:56.472564,3.35,3.41,40.0,1.0,129775.0,2025-11-28T21:39:14Z,0.06,1.7751479289940846
DSX,1318885,Diana Shipping Inc.,NYSE,GR,USD,Industrials,Marine Shipping,228074780.0,1.97,2025-11-29T23:49:56.472829,1.95,1.9633,1100.0,3300.0,1038732.0,2025-11-28T18:00:02Z,0.0133,0.6797332174890803
TNYA,1858848,"Tenaya Therapeutics, Inc.",NASDAQ,US,USD,Healthcare,Biotechnology,233108239.0,1.4,2025-11-29T23:49:56.472963,1.38,1.42,24.0,24.0,1380577.0,2025-11-28T18:00:01Z,0.04,2.85714285714286
EARN,1560672,Ellington Credit Company,NYSE,US,USD,Financial Services,Asset Management,203632674.0,5.42,2025-11-29T23:49:56.472994,5.39,5.46,3100.0,600.0,245003.0,2025-11-28T18:00:02Z,0.0700000000000002,1.2903225806451666
POWW,1015383,Outdoor Holding Company,NASDAQ,US,USD,Industrials,Aerospace & Defense,215483922.0,1.84,2025-11-29T23:49:56.473123,1.8,1.86,3.0,4.0,164591.0,2025-11-28T18:00:01Z,0.06,3.2786885245901667
TNXP,1430306,Tonix Pharmaceuticals Holding Corp.,NASDAQ,US,USD,Healthcare,Biotechnology,139987127.0,15.97,2025-11-29T23:49:56.473325,15.75,15.97,40.0,27.0,279742.0,2025-11-28T22:00:02Z,0.2200000000000006,1.3871374527112272
ZVIA,1854139,Zevia PBC,NYSE,US,USD,Consumer Defensive,Beverages - Non-Alcoholic,180719481.0,2.68,2025-11-29T23:49:56.473590,2.68,2.69,2100.0,2100.0,293510.0,2025-11-28T18:00:02Z,0.0099999999999997,0.372439478584722
GUTS,1572616,"Fractyl Health, Inc. Common Stock",NASDAQ,US,USD,Healthcare,Biotechnology,113344219.0,1.57,2025-11-29T23:49:56.473823,1.55,1.59,147.0,2.0,1594853.0,2025-11-28T22:00:02Z,0.04,2.5477707006369448
VTGN,1411685,"VistaGen Therapeutics, Inc.",NASDAQ,US,USD,Healthcare,Biotechnology,160586362.0,4.9,2025-11-29T23:49:56.473914,4.84,4.95,2.0,3.0,429296.0,2025-11-28T18:00:01Z,0.1100000000000003,2.247191011235962
LOVE,1701758,The Lovesac Company,NASDAQ,US,USD,Consumer Cyclical,"Furnishings, Fixtures & Appliances",209657934.0,14.35,2025-11-29T23:49:56.474169,14.31,14.38,2.0,2.0,79323.0,2025-11-28T21:00:00Z,0.0700000000000002,0.4879749041477886
UIS,746838,Unisys Corporation,NYSE,US,USD,Technology,Information Technology Services,191100364.0,2.68,2025-11-29T23:49:56.474198,2.64,2.68,1521.0,1300.0,350248.0,2025-11-28T21:56:01Z,0.04,1.503759398496242
SMID,924719,Smith-Midland Corporation,NASDAQ,US,USD,Basic Materials,Construction Materials,184706381.0,34.82,2025-11-29T23:49:56.474473,34.56,35.08,2.0,137.0,3824.0,2025-11-28T21:49:41Z,0.519999999999996,1.493394600804124
BLFY,1846017,Blue Foundry Bancorp,NASDAQ,US,USD,Financial Services,Banks - Regional,235847516.0,11.36,2025-11-29T23:49:56.474506,11.3,11.44,10.0,10.0,51817.0,2025-11-28T22:00:02Z,0.1399999999999988,1.2313104661389511
VUZI,1463972,Vuzix Corporation,NASDAQ,US,USD,Technology,Consumer Electronics,203676467.0,2.685,2025-11-29T23:49:56.474633,2.64,2.68,300.0,325.0,4276802.0,2025-11-28T21:59:56Z,0.04,1.503759398496242
VWAV,1845942,"VisionWave Holdings, Inc.",NASDAQ,US,USD,Industrials,Aerospace & Defense,144717219.0,9.65,2025-11-29T23:49:56.474939,9.75,9.8,3.0,197.0,151402.0,2025-11-28T22:00:02Z,0.0500000000000007,0.5115089514066569
NXXT,1817004,NextNRG Inc.,NASDAQ,US,USD,Utilities,Renewable Utilities,159544036.0,1.22,2025-11-29T23:49:56.475001,1.28,1.31,38.0,208.0,971295.0,2025-11-28T21:59:55Z,0.03,2.316602316602319
FNKO,1704711,"Funko, Inc.",NASDAQ,US,USD,Consumer Cyclical,Leisure,172904077.0,3.16,2025-11-29T23:49:56.475029,3.12,3.18,13.0,10.0,182693.0,2025-11-28T21:00:00Z,0.06,1.9047619047619064
INSG,1022652,Inseego Corp.,NASDAQ,US,USD,Technology,Communication Equipment,167505125.0,10.93,2025-11-29T23:49:56.475087,10.86,11.01,1.0,1.0,65469.0,2025-11-28T21:00:00Z,0.1500000000000003,1.3717421124828566
STRS,885508,Stratus Properties Inc.,NASDAQ,US,USD,Real Estate,Real Estate - Diversified,178362543.0,22.15,2025-11-29T23:49:56.475249,22.75,23.19,1.0,3.0,3253.0,2025-11-28T21:40:08Z,0.4400000000000013,1.9155420113191173
FF,1337298,FutureFuel Corp.,NYSE,US,USD,Basic Materials,Chemicals,144550702.0,3.3,2025-11-29T23:49:56.475698,3.3,3.34,100.0,15.0,54463.0,2025-11-28T21:51:02Z,0.04,1.204819277108435
PLBY,1803914,"Playboy, Inc.",NASDAQ,US,USD,Consumer Cyclical,Leisure,179264999.0,1.92,2025-11-29T23:49:56.476366,1.9,1.94,99.0,20.0,274531.0,2025-11-28T21:58:14Z,0.04,2.0833333333333357
ASPN,1145986,"Aspen Aerogels, Inc.",NYSE,US,USD,Industrials,Construction,266077214.0,3.22,2025-11-29T23:49:56.476519,3.19,3.26,2200.0,6000.0,1586555.0,2025-11-28T18:00:02Z,0.0699999999999998,2.1705426356589097
MACI,2016221,Melar Acquisition Corp. I,NASDAQ,KY,USD,Financial Services,Shell Companies,228756750.0,10.58,2025-11-29T23:49:56.477288,10.57,10.58,22.0,1.0,1158.0,2025-11-28T21:00:00Z,0.0099999999999997,0.0945626477541351
III,1371489,"Information Services Group, Inc.",NASDAQ,US,USD,Technology,Information Technology Services,260512695.0,5.38,2025-11-29T23:49:56.477348,5.4,5.47,50.0,100.0,118619.0,2025-11-28T21:40:11Z,0.0699999999999994,1.2879484820607063
OGI,1620737,Organigram Global Inc.,NASDAQ,CA,USD,Healthcare,Drug Manufacturers - Specialty & Generic,219796354.0,1.64,2025-11-29T23:49:56.477404,1.6,1.65,3.0,3.0,191736.0,2025-11-28T18:00:01Z,0.0499999999999998,3.076923076923066
RDNW,1596961,"RideNow Group, Inc.",NASDAQ,US,USD,Consumer Cyclical,Auto - Dealerships,141044932.0,3.71,2025-11-29T23:49:56.477608,3.63,3.74,100.0,18.0,15873.0,2025-10-20T17:37:29Z,0.1100000000000003,2.9850746268656803
PRQR,1612940,ProQR Therapeutics N.V.,NASDAQ,NL,USD,Healthcare,Biotechnology,246507749.0,2.34,2025-11-29T23:49:56.477719,2.38,2.4,65.0,50.0,205832.0,2025-11-28T21:51:13Z,0.02,0.8368200836820092
ACB,1683541,Aurora Cannabis Inc.,NASDAQ,CA,USD,Healthcare,Drug Manufacturers - Specialty & Generic,260246366.0,4.6,2025-11-29T23:49:56.477930,4.6,4.7,4.0,20.0,388626.0,2025-11-28T22:00:02Z,0.1000000000000005,2.1505376344086136
MIST,1408443,Milestone Pharmaceuticals Inc.,NASDAQ,CA,USD,Healthcare,Biotechnology,229105417.0,2.69,2025-11-29T23:49:56.478099,2.65,2.67,1350.0,19.0,2086817.0,2025-11-28T22:00:02Z,0.02,0.7518796992481209
BLNK,1429764,Blink Charging Co.,NASDAQ,US,USD,Industrials,Engineering & Construction,136146792.0,1.31,2025-11-29T23:49:56.478223,1.31,1.35,23.0,23.0,989686.0,2025-11-28T18:00:01Z,0.04,3.007518796992484
SXTC,1723980,"China SXT Pharmaceuticals, Inc.",NASDAQ,CN,USD,Healthcare,Drug Manufacturers - Specialty & Generic,167079205.0,1.44,2025-11-29T23:49:56.478382,1.37,1.44,65.0,2.0,270099.0,2025-11-28T21:53:15Z,0.0699999999999998,4.982206405693939
AGEN,1098972,Agenus Inc.,NASDAQ,US,USD,Healthcare,Biotechnology,154592938.0,4.56,2025-11-29T23:49:56.478676,4.52,4.65,22.0,20.0,183998.0,2025-11-28T21:31:58Z,0.1300000000000007,2.835332606324989
INAC,2063816,Indigo Acquisition Corp.,NASDAQ,KY,USD,Financial Services,Shell Companies,147697550.0,10.01,2025-11-29T23:49:56.479163,10.0,10.05,966.0,597.0,72.0,2025-11-27T00:41:05Z,0.0500000000000007,0.4987531172069896
GHG,1724755,GreenTree Hospitality Group Ltd.,NYSE,CN,USD,Consumer Cyclical,Travel Lodging,190637025.0,1.88,2025-11-29T23:49:56.479202,1.82,1.91,100.0,100.0,8046.0,2025-11-28T18:00:02Z,0.0899999999999998,4.825737265415542
EMIS,2075816,Emmis Acquisition Corp. Class A Ordinary Shares,NASDAQ,US,USD,Financial Services,Asset Management,157127287.0,9.96,2025-11-29T23:49:56.479638,9.94,9.96,2.0,2.0,103.0,2025-11-28T21:00:00Z,0.0200000000000013,0.2010050251256417
VLN,1863006,Valens Semiconductor Ltd.,NYSE,IL,USD,Technology,Semiconductors,166849768.0,1.6,2025-11-29T23:49:56.479734,1.58,1.63,7500.0,7700.0,234112.0,2025-11-28T18:00:02Z,0.0499999999999998,3.115264797507777
SPEG,2028735,Silver Pegasus Acquisition Corp Class A Ordinary Shares,NASDAQ,US,USD,Financial Services,Shell Companies,115690000.0,10.06,2025-11-29T23:49:56.479848,10.03,10.09,1.0,0.0,647.0,2025-11-28T18:00:00Z,0.0600000000000005,0.5964214711729673
DAAQ,2052162,Digital Asset Acquisition Corp.,NASDAQ,US,USD,Financial Services,Shell Companies,233620200.0,10.1574,2025-11-29T23:49:56.480098,10.1574,10.34,200.0,1.0,44449.0,2025-11-28T17:59:23Z,0.1825999999999989,1.7816893849951605
LKSP,2043508,Lake Superior Acquisition Corp.,NASDAQ,US,USD,Financial Services,Asset Management,155520930.0,9.91,2025-11-29T23:49:56.480361,9.89,10.05,90.0,3.0,224.0,2025-11-28T21:00:00Z,0.1600000000000001,1.6048144433299911
SCLX,1820190,Scilex Holding Company,NASDAQ,US,USD,Healthcare,Drug Manufacturers - General,154477689.0,20.365,2025-11-29T23:49:56.480394,20.0,20.36,510.0,1.0,22028.0,2025-11-28T21:39:16Z,0.3599999999999994,1.783944499504457
BZUN,1625414,Baozun Inc.,NASDAQ,CN,USD,Consumer Cyclical,Specialty Retail,165464062.0,2.86,2025-11-29T23:49:56.480610,2.8,2.87,180.0,500.0,121406.0,2025-11-28T22:00:02Z,0.0700000000000002,2.469135802469146
REKR,1697851,"Rekor Systems, Inc.",NASDAQ,US,USD,Technology,Software - Infrastructure,222974043.0,1.76,2025-11-29T23:49:56.480641,1.77,1.79,706.0,193.0,1268652.0,2025-11-28T22:00:02Z,0.02,1.1235955056179785
SPCE,1706946,"Virgin Galactic Holdings, Inc.",NYSE,US,USD,Industrials,Aerospace & Defense,244584774.0,3.87,2025-11-29T23:49:56.480864,3.84,3.86,2100.0,1300.0,1768389.0,2025-11-28T18:00:02Z,0.02,0.51948051948052
NMP,2054876,NMP Acquisition Corp.,NASDAQ,US,USD,Financial Services,Shell Companies,28983145.0,10.05,2025-11-29T23:49:56.480926,9.99,10.11,6.0,0.0,452.0,2025-11-28T14:30:00Z,0.1199999999999992,1.1940298507462608
CHPT,1777393,"ChargePoint Holdings, Inc.",NYSE,US,USD,Consumer Cyclical,Specialty Retail,191263199.0,8.19,2025-11-29T23:49:56.481040,8.14,8.23,700.0,300.0,343340.0,2025-11-28T18:00:02Z,0.0899999999999998,1.0995723885155757
ALTO,778164,"Alto Ingredients, Inc.",NASDAQ,US,USD,Basic Materials,Chemicals - Specialty,197418570.0,2.55,2025-11-29T23:49:56.481446,2.52,2.58,21.0,21.0,448241.0,2025-11-28T18:00:02Z,0.06,2.3529411764705905
CABA,1759138,"Cabaletta Bio, Inc.",NASDAQ,US,USD,Healthcare,Biotechnology,247401574.0,2.57,2025-11-29T23:49:56.481559,2.56,2.58,200.0,25.0,2586029.0,2025-11-28T22:00:02Z,0.02,0.7782101167315181
HNVR,1828588,"Hanover Bancorp, Inc.",NASDAQ,US,USD,Financial Services,Banks - Regional,163627532.0,22.75,2025-11-29T23:49:56.482024,22.54,22.75,1.0,1.0,4061.0,2025-11-28T21:00:00Z,0.2100000000000008,0.9273570324575
INBK,1562463,First Internet Bancorp,NASDAQ,US,USD,Financial Services,Banks - Regional,165851872.0,19.05,2025-11-29T23:49:56.482278,18.91,19.25,5.0,1.0,36716.0,2025-11-28T22:00:02Z,0.3399999999999998,1.7819706498951775
CYPH,1509745,Cypherpunk Technologies Inc.,NASDAQ,US,USD,Healthcare,Biotechnology,86677315.0,1.53,2025-11-29T23:49:56.482665,1.5,1.53,23473.0,80.0,4319957.0,2025-11-28T22:00:02Z,0.03,1.980198019801982
PERF,1899830,Perfect Corp.,NYSE,TW,USD,Technology,Software - Application,183669922.0,1.79,2025-11-29T23:49:56.482938,1.79,1.81,60.0,1132.0,87605.0,2025-11-28T21:59:37Z,0.02,1.111111111111112
MAMO,1952853,Massimo Group Common Stock,NASDAQ,US,USD,Consumer Cyclical,Auto - Recreational Vehicles,182035879.0,4.38,2025-11-29T23:49:56.483227,4.28,4.3,294.0,8.0,59978.0,2025-11-28T21:40:06Z,0.0199999999999995,0.4662004662004562
SUIG,1425355,SUI Group Holdings Limited,NASDAQ,US,USD,Financial Services,Financial - Capital Markets,166031274.0,2.0,2025-11-29T23:49:56.483892,2.01,2.07,1545.0,2622.0,2075839.0,2025-11-28T22:00:02Z,0.06,2.9411764705882377
ETHZ,1690080,Ethzilla Corp.,NASDAQ,US,USD,Financial Services,Asset Management - Cryptocurrency,170600034.0,10.68,2025-11-29T23:49:56.483920,10.85,10.95,1.0,9.0,246923.0,2025-11-28T21:59:33Z,0.0999999999999996,0.9174311926605474
IBAC,1998781,IB Acquisition Corp. Common Stock,NASDAQ,US,USD,Financial Services,Shell Companies,165365445.0,10.5,2025-11-29T23:49:56.484903,10.42,10.59,674.0,3.0,1729.0,2025-11-28T21:31:16Z,0.1699999999999999,1.6182770109471674
CRBU,1619856,"Caribou Biosciences, Inc.",NASDAQ,US,USD,Healthcare,Biotechnology,180323000.0,1.94,2025-11-29T23:49:56.485141,1.94,1.96,103.0,2000.0,404824.0,2025-11-28T22:00:02Z,0.02,1.0256410256410264
TDAC,1673481,Translational Development Acquisition Corp.,NASDAQ,US,USD,Financial Services,Shell Companies,228057065.0,10.41,2025-11-29T23:49:56.485560,10.41,10.5,3400.0,100.0,15.0,2025-11-26T20:36:13Z,0.0899999999999998,0.8608321377331406
ARBE,1861841,Arbe Robotics Ltd.,NASDAQ,IL,USD,Technology,Software - Infrastructure,159738854.0,1.47,2025-11-29T23:49:56.485837,1.47,1.48,21.0,202.0,474401.0,2025-11-28T22:00:02Z,0.01,0.6779661016949159
EXFY,1476840,"Expensify, Inc.",NASDAQ,US,USD,Technology,Software - Application,144103100.0,1.55,2025-11-29T23:49:56.728099,1.5,1.55,10.0,2000.0,177683.0,2025-11-28T22:00:02Z,0.05,3.2786885245901667
LUCD,1799011,Lucid Diagnostics Inc.,NASDAQ,US,USD,Healthcare,Medical - Devices,107869210.0,1.06,2025-11-29T23:49:56.728172,1.04,1.09,6.0,6.0,288163.0,2025-11-28T21:00:00Z,0.05,4.694835680751178
CRDF,1213037,"Cardiff Oncology, Inc.",NASDAQ,US,USD,Healthcare,Biotechnology,153497199.0,2.28,2025-11-29T23:49:56.728504,2.23,2.28,40.0,640.0,338799.0,2025-11-28T21:58:29Z,0.0499999999999998,2.217294900221721
EPM,1006655,Evolution Petroleum Corporation,AMEX,US,USD,Energy,Oil & Gas Exploration & Production,136335096.0,3.93,2025-11-29T23:49:56.728817,3.86,3.95,5.0,1.0,120557.0,2025-11-28T21:50:33Z,0.0900000000000003,2.304737516005129
FGMC,1906133,FG Merger Corp.,NASDAQ,US,USD,Financial Services,Shell Companies,103163916.0,10.02,2025-11-29T23:49:56.730619,10.02,10.05,6.0,100.0,1506.0,2025-11-28T21:40:44Z,0.0300000000000011,0.298953662182373
ANVS,1477845,"Annovis Bio, Inc.",NYSE,US,USD,Healthcare,Biotechnology,100335437.0,5.1,2025-11-29T23:49:56.730672,5.07,5.12,17.0,100.0,1282491.0,2025-11-28T21:58:45Z,0.0499999999999998,0.981354268891066
AMTX,738214,"Aemetis, Inc.",NASDAQ,US,USD,Energy,Oil & Gas Refining & Marketing,113433578.0,1.73,2025-11-29T23:49:56.731003,1.69,1.75,20.0,1300.0,337410.0,2025-11-28T22:00:02Z,0.06,3.48837209302326
BAER,1941536,"Bridger Aerospace Group Holdings, Inc. Common Stock",NASDAQ,US,USD,Industrials,Security & Protection Services,100533018.0,1.81,2025-11-29T23:49:56.731234,1.77,1.82,1.0,300.0,59719.0,2025-11-28T19:40:12Z,0.05,2.7855153203342646
OMEX,798528,"Odyssey Marine Exploration, Inc.",NASDAQ,US,USD,Industrials,Specialty Business Services,64151420.0,2.06,2025-11-29T23:49:56.731296,2.03,2.08,12.0,11.0,936322.0,2025-11-28T18:00:00Z,0.0500000000000002,2.4330900243309137
NOEM,1956648,CO2 Energy Transition Corp. Common Stock,NASDAQ,US,USD,Financial Services,Financial - Conglomerates,98158080.0,10.24,2025-11-29T23:49:56.731476,10.24,10.4,1000.0,1000.0,249621.0,2025-11-28T21:38:28Z,0.1600000000000001,1.5503875968992262
OVID,1636651,Ovid Therapeutics Inc.,NASDAQ,US,USD,Healthcare,Biotechnology,126592610.0,1.78,2025-11-29T23:49:56.732471,1.76,1.8,7.0,7.0,3183655.0,2025-11-28T18:00:00Z,0.04,2.247191011235957
WSBK,2047235,"Winchester Bancorp, Inc. Common Stock",NASDAQ,US,USD,Financial Services,Banks - Regional,89325805.0,9.61,2025-11-29T23:49:56.732614,9.6,9.61,1.0,1.0,3258.0,2025-11-28T18:00:00Z,0.0099999999999997,0.1041124414367494
FNGR,1602409,"FingerMotion, Inc.",NASDAQ,US,USD,Communication Services,Telecommunications Services,78891713.0,1.35,2025-11-29T23:49:56.732768,1.35,1.41,1005.0,1.0,28385.0,2025-11-28T22:00:02Z,0.0599999999999998,4.34782608695651
OTLK,1649989,"Outlook Therapeutics, Inc.",NASDAQ,US,USD,Healthcare,Biotechnology,79510957.0,1.79,2025-11-29T23:49:56.732865,1.78,1.83,1513.0,55.0,1399245.0,2025-11-28T22:00:02Z,0.05,2.770083102493077
ELBM,1907184,Electra Battery Materials Corporation,NASDAQ,CA,USD,Basic Materials,Industrial Materials,92242424.0,1.0,2025-11-29T23:49:56.732896,0.985,1.0,10.0,96.0,967657.0,2025-11-28T21:59:33Z,0.015,1.51133501259446
MX,1325702,Magnachip Semiconductor Corporation,NYSE,LU,USD,Technology,Semiconductors,94981078.0,2.64,2025-11-29T23:49:56.733019,2.62,2.69,100.0,2200.0,355947.0,2025-11-28T18:00:02Z,0.0699999999999998,2.636534839924664
UYSC,2036973,UY Scuti Acquisition Corp.,NASDAQ,US,USD,Financial Services,Shell Companies,78191733.0,10.21,2025-11-29T23:49:56.733237,10.2,10.22,4.0,0.0,1743.0,2025-11-28T15:00:04Z,0.0200000000000013,0.1958863858961934
GCTS,1851961,"GCT Semiconductor Holding, Inc.",NYSE,US,USD,Technology,Semiconductors,75371417.0,1.32,2025-11-29T23:49:56.733428,1.31,1.335,2200.0,2300.0,91847.0,2025-11-28T18:00:02Z,0.0249999999999999,1.8903591682419596
QSEA,2047455,Quartzsea Acquisition Corporation,NASDAQ,US,USD,Financial Services,Shell Companies,115696386.0,10.14,2025-11-29T23:49:56.733648,10.14,10.27,11.0,50.0,1180.0,2025-11-28T18:00:00Z,0.129999999999999,1.2738853503184615
PELI,2037431,Pelican Acquisition Corporation Ordinary Shares,NASDAQ,US,USD,Financial Services,Asset Management,121427350.0,10.12,2025-11-29T23:49:56.733787,10.08,10.12,30.0,8.0,270.0,2025-11-28T18:00:00Z,0.0399999999999991,0.3960396039603876
CHPG,2024460,ChampionsGate Acquisition Corporation Class A Ordinary Share,NASDAQ,US,USD,Financial Services,Financial - Conglomerates,101470816.0,10.16,2025-11-29T23:49:56.733878,10.09,10.17,100.0,1847.0,14.0,2025-11-26T20:53:03Z,0.08,0.7897334649555783
CHAR,2024459,Charlton Aria Acquisition Corporation,NASDAQ,US,USD,Financial Services,Shell Companies,114255300.0,10.42,2025-11-29T23:49:56.734044,10.35,10.49,1000.0,1.0,308.0,2025-11-28T21:55:49Z,0.1400000000000005,1.3435700575815794
ZENA,1997403,"ZenaTech, Inc.",NASDAQ,CA,USD,Technology,Software - Infrastructure,88106380.0,3.455,2025-11-29T23:49:56.735420,3.4,3.45,64.0,500.0,528640.0,2025-11-28T22:36:38Z,0.0500000000000002,1.459854014598548
LFVN,849146,LifeVantage Corporation,NASDAQ,US,USD,Consumer Defensive,Packaged Foods,87231007.0,6.87,2025-11-29T23:49:56.735965,6.84,6.96,1.0,1.0,47175.0,2025-11-28T21:00:00Z,0.1200000000000001,1.7391304347826102
CHMI,1571776,Cherry Hill Mortgage Investment Corporation,NYSE,US,USD,Real Estate,REIT - Mortgage,91481450.0,2.49,2025-11-29T23:49:56.736270,2.46,2.5,600.0,500.0,259857.0,2025-11-28T18:00:02Z,0.04,1.6129032258064528
MAYA,2028355,Maywood Acquisition Corp.,NASDAQ,US,USD,Financial Services,Shell Companies,112687950.0,10.32,2025-11-29T23:49:56.736956,10.22,10.32,1.0,1.0,10067.0,2025-11-25T21:00:00Z,0.0999999999999996,0.9737098344693248
QIPT,1540013,Quipt Home Medical Corp.,NASDAQ,US,USD,Healthcare,Medical - Devices,106003292.0,2.44,2025-11-29T23:49:56.737452,2.4,2.47,1.0,2.0,72464.0,2025-11-28T18:00:00Z,0.0700000000000002,2.874743326488718
MGNX,1125345,"MacroGenics, Inc.",NASDAQ,US,USD,Healthcare,Biotechnology,96785554.0,1.53,2025-11-29T23:49:56.737801,1.5,1.55,1600.0,2.0,366117.0,2025-11-28T22:00:02Z,0.05,3.2786885245901667
RILY,1464790,"B. Riley Financial, Inc.",NASDAQ,US,USD,Financial Services,Financial - Conglomerates,132791266.0,4.34,2025-11-29T23:49:56.737862,4.3,4.34,25.0,990.0,241515.0,2025-11-28T22:00:02Z,0.04,0.9259259259259268
ELDN,1404281,"Eledon Pharmaceuticals, Inc.",NASDAQ,US,USD,Healthcare,Biotechnology,97717348.0,1.63,2025-11-29T23:49:56.737915,1.64,1.66,10.0,41.0,728009.0,2025-11-28T21:59:02Z,0.02,1.2121212121212133
HSPT,2032950,Horizon Space Acquisition II Corp.,NASDAQ,US,USD,Financial Services,Shell Companies,95340000.0,10.5,2025-11-29T23:49:56.737982,10.32,10.51,1000.0,0.0,1017.0,2025-11-28T21:50:53Z,0.1899999999999995,1.824291886701868
BTCS,1436229,BTCS Inc.,NASDAQ,US,USD,Financial Services,Financial - Capital Markets,152807821.0,3.18,2025-11-29T23:49:56.738163,3.14,3.22,19.0,19.0,953402.0,2025-11-28T18:00:01Z,0.08,2.5157232704402537
ORIQ,2044523,Origin Investment Corp I Ordinary Shares,NASDAQ,SG,USD,Financial Services,Shell Companies,87802500.0,10.18,2025-11-29T23:49:56.738800,10.03,10.18,1.0,2.0,102.0,2025-11-27T01:00:02Z,0.1500000000000003,1.4844136566056445
LCCC,2049248,Lakeshore Acquisition III Corp.,NASDAQ,KY,USD,Financial Services,Shell Companies,90296700.0,10.14,2025-11-29T23:49:56.739234,10.1,10.21,100.0,100.0,39.0,2025-11-26T20:55:41Z,0.1100000000000012,1.0832102412604745
CFSB,1879103,"CFSB Bancorp, Inc.",NASDAQ,US,USD,Financial Services,Banks - Regional,93317194.0,14.25,2025-11-29T23:49:56.739378,14.24,14.25,3936.0,243.0,12367.0,2025-10-31T23:45:36Z,0.0099999999999997,0.0702000702000687
SOL,1417892,"Emeren Group, Ltd.",NYSE,US,USD,Energy,Solar,88786406.0,1.73,2025-11-29T23:49:56.739786,1.7,1.72,200.0,3600.0,266954.0,2025-11-28T18:00:02Z,0.02,1.1695906432748548
SOHO,1301236,Sotherly Hotels Inc.,NASDAQ,US,USD,Real Estate,REIT - Hotel & Motel,44361935.0,2.165,2025-11-29T23:49:56.740152,2.16,2.22,10.0,41.0,11356.0,2025-11-28T22:00:02Z,0.06,2.7397260273972623
AISP,1842566,"Airship AI Holdings, Inc.",NASDAQ,US,USD,Technology,Software - Infrastructure,113260103.0,3.68,2025-11-29T23:49:56.740187,3.63,3.72,4.0,4.0,437645.0,2025-11-28T18:00:01Z,0.0900000000000003,2.4489795918367427
SPRB,1683553,"Spruce Biosciences, Inc.",NASDAQ,US,USD,Healthcare,Biotechnology,58034900.0,100.0,2025-11-29T23:49:56.740251,101.54,101.94,2.0,13.0,65426.0,2025-11-28T22:00:02Z,0.3999999999999915,0.3931590328287708
STEM,1758766,"Stem, Inc.",NYSE,US,USD,Technology,Software - Infrastructure,145150598.0,17.3,2025-11-29T23:49:56.740357,17.1,17.3,400.0,100.0,102777.0,2025-11-28T18:00:02Z,0.1999999999999993,1.1627906976744142
RCEL,1762303,"AVITA Medical, Inc.",NASDAQ,US,USD,Healthcare,Medical - Devices,99142743.0,3.7,2025-11-29T23:49:56.740478,3.7,3.8,30.0,25.0,157959.0,2025-11-28T21:49:43Z,0.0999999999999996,2.666666666666657
RDZN,1868640,"Roadzen, Inc.",NASDAQ,IN,USD,Technology,Software - Application,127800327.0,1.74,2025-11-29T23:49:56.740514,1.7,1.73,5.0,2.0,75096.0,2025-11-28T21:56:02Z,0.03,1.7492711370262408
LHSW,2004024,Lianhe Sowell International Group Ltd Ordinary Shares,NASDAQ,CN,USD,Technology,Information Technology Services,73320000.0,1.41,2025-11-29T23:49:56.740808,1.4009,1.43,1.0,1.0,351450.0,2025-11-28T21:00:00Z,0.0290999999999999,2.055883288000276
ONL,1873923,Orion Properties Inc.,NYSE,US,USD,Real Estate,REIT - Office,126707927.0,2.25,2025-11-29T23:49:56.740880,2.25,2.27,80.0,28.0,102478.0,2025-11-28T21:57:13Z,0.02,0.8849557522123902
AVD,5981,American Vanguard Corporation,NYSE,US,USD,Basic Materials,Agricultural Inputs,132652031.0,4.66,2025-11-29T23:49:56.741075,4.64,4.74,400.0,100.0,77107.0,2025-11-28T18:00:02Z,0.1000000000000005,2.13219616204692
SPRU,1772720,Spruce Power Holding Corporation,NYSE,US,USD,Energy,Solar,90295994.0,4.97,2025-11-29T23:49:56.741156,5.02,5.1,100.0,100.0,73594.0,2025-11-28T18:00:02Z,0.08,1.5810276679841913
SSTI,1351636,"SoundThinking, Inc.",NASDAQ,US,USD,Technology,Software - Application,78852408.0,6.22,2025-11-29T23:49:56.741342,6.14,6.26,2.0,2.0,182564.0,2025-11-28T18:00:00Z,0.1200000000000001,1.935483870967744
DHX,1393883,"DHI Group, Inc.",NYSE,US,USD,Industrials,Staffing & Employment Services,90259464.0,1.88,2025-11-29T23:49:56.741535,1.87,1.92,600.0,400.0,47353.0,2025-11-28T18:00:02Z,0.0499999999999998,2.638522427440624
CGTX,1455365,"Cognition Therapeutics, Inc.",NASDAQ,US,USD,Healthcare,Biotechnology,128033012.0,1.74,2025-11-29T23:49:56.742466,1.71,1.75,9.0,9.0,660970.0,2025-11-28T18:00:01Z,0.04,2.3121387283237014
ARAY,1138723,Accuray Incorporated,NASDAQ,US,USD,Healthcare,Medical - Devices,122374410.0,1.08,2025-11-29T23:49:56.742514,1.1,1.12,74.0,1099.0,680949.0,2025-11-28T22:00:02Z,0.02,1.8018018018018032
GRWG,1604868,GrowGeneration Corp.,NASDAQ,US,USD,Consumer Cyclical,Specialty Retail,92757337.0,1.55,2025-11-29T23:49:56.743074,1.52,1.59,10.0,2.0,121767.0,2025-11-28T22:00:02Z,0.07,4.5016077170418045
LIDR,1818644,"AEye, Inc.",NASDAQ,US,USD,Consumer Cyclical,Auto - Parts,118044092.0,2.62,2025-11-29T23:49:56.743437,2.59,2.65,20.0,19.0,655354.0,2025-11-28T21:00:00Z,0.06,2.2900763358778646
NKTX,1787400,"Nkarta, Inc.",NASDAQ,US,USD,Healthcare,Biotechnology,133890630.0,1.885,2025-11-29T23:49:56.743467,1.86,1.92,3.0,3.0,524613.0,2025-11-28T18:00:00Z,0.0599999999999998,3.174603174603165
SFBC,1541119,"Sound Financial Bancorp, Inc.",NASDAQ,US,USD,Financial Services,Banks - Regional,112809742.0,44.175,2025-11-29T23:49:56.743635,43.91,44.71,1.0,0.0,3872.0,2025-11-28T17:12:29Z,0.8000000000000043,1.8054615211013407
SVCO,1943289,"Silvaco Group, Inc. Common Stock",NASDAQ,US,USD,Technology,Software - Application,139406890.0,4.55,2025-11-29T23:49:56.744796,4.55,4.64,1.0,30.0,32152.0,2025-11-28T21:49:43Z,0.0899999999999998,1.9586507072905304
DTSQ,2017950,DT Cloud Star Acquisition Corporation,NASDAQ,US,USD,Financial Services,Financial - Conglomerates,96040711.0,10.79,2025-11-29T23:49:56.744962,10.65,10.79,10.0,1.0,168.0,2025-11-28T15:30:36Z,0.1399999999999988,1.30597014925372
HUSA,1156041,Houston American Energy Corp.,AMEX,US,USD,Energy,Oil & Gas Exploration & Production,75607849.0,2.2,2025-11-29T23:49:56.745103,2.18,2.23,5024.0,1.0,212523.0,2025-11-28T21:59:19Z,0.0499999999999998,2.2675736961451167
ORMP,1176309,Oramed Pharmaceuticals Inc.,NASDAQ,US,USD,Healthcare,Biotechnology,118749998.0,2.85,2025-11-29T23:49:56.745227,2.87,2.94,59.0,807.0,160943.0,2025-11-28T20:50:24Z,0.0699999999999998,2.409638554216862
SRFM,1936224,Surf Air Mobility Inc.,NYSE,US,USD,Industrials,"Airlines, Airports & Air Services",69109621.0,2.05,2025-11-29T23:49:56.746817,2.09,2.1,14800.0,35.0,2345917.0,2025-11-28T22:00:02Z,0.0100000000000002,0.477326968973758
CTM,1877939,"Castellum, Inc.",AMEX,US,USD,Technology,Information Technology Services,99343388.0,1.05,2025-11-29T23:49:56.746861,1.04,1.07,31.0,5322.0,768716.0,2025-11-28T22:00:02Z,0.03,2.843601895734599
PZG,1629210,Paramount Gold Nevada Corp.,AMEX,US,USD,Basic Materials,Gold,94813664.0,1.21,2025-11-29T23:49:56.747175,1.24,1.3,50.0,400.0,259715.0,2025-11-28T21:40:53Z,0.06,4.724409448818902
OSS,1394056,"One Stop Systems, Inc.",NASDAQ,US,USD,Technology,Computer Hardware,131167924.0,6.09,2025-11-29T23:49:56.747226,6.0113,6.13,1.0,1.0,583880.0,2025-11-28T18:00:00Z,0.1186999999999995,1.955309563226336
BTM,1901799,Bitcoin Depot Inc.,NASDAQ,US,USD,Financial Services,Financial - Capital Markets,41139563.0,1.53,2025-11-29T23:49:56.747372,1.54,1.55,75.0,300.0,1552622.0,2025-11-28T21:59:55Z,0.01,0.647249190938512
FGBI,1408534,"First Guaranty Bancshares, Inc.",NASDAQ,US,USD,Financial Services,Banks - Regional,73540616.0,4.79,2025-11-29T23:49:56.966756,4.76,4.85,100.0,176.0,13896.0,2025-11-28T21:37:09Z,0.0899999999999998,1.8730489073881345
BMEA,1840439,"Biomea Fusion, Inc.",NASDAQ,US,USD,Healthcare,Biotechnology,64553481.0,1.085,2025-11-29T23:49:56.967222,1.1,1.14,950.0,35.0,686600.0,2025-11-28T22:00:02Z,0.0399999999999998,3.5714285714285547
BWEN,1120370,"Broadwind, Inc.",NASDAQ,US,USD,Industrials,Industrial - Machinery,69771892.0,3.03,2025-11-29T23:49:56.969003,3.0,3.07,4.0,4.0,222012.0,2025-11-28T18:00:02Z,0.0699999999999998,2.306425041186156
UBXG,1888525,U-BX Technology Ltd.,NASDAQ,CN,USD,Technology,Software - Infrastructure,43854540.0,2.11,2025-11-29T23:49:56.969328,2.01,2.06,1.0,3.0,8047.0,2025-11-28T22:00:02Z,0.0500000000000002,2.45700245700247
HOVR,1930021,New Horizon Aircraft Ltd.,NASDAQ,CA,USD,Industrials,Aerospace & Defense,67608438.0,1.65,2025-11-29T23:49:56.970769,1.62,1.69,3.0,3.0,319460.0,2025-11-28T21:00:00Z,0.0699999999999998,4.2296072507552775
FTEK,846913,"Fuel Tech, Inc.",NASDAQ,US,USD,Industrials,Industrial - Pollution & Treatment Controls,55933988.0,1.8,2025-11-29T23:49:56.971193,1.74,1.81,21.0,100.0,21761.0,2025-11-28T22:00:02Z,0.07,3.9436619718309895
FEMY,1339005,Femasys Inc.,NASDAQ,US,USD,Healthcare,Medical - Instruments & Supplies,29744528.0,1.01,2025-11-29T23:49:56.972114,1.01,1.02,9041.0,136.0,549886.0,2025-11-28T22:00:02Z,0.01,0.985221674876848
LITM,1769697,Snow Lake Resources Ltd.,NASDAQ,CA,USD,Basic Materials,Industrial Materials,75310151.0,3.3,2025-11-29T23:49:56.973981,3.28,3.29,14.0,200.0,417868.0,2025-11-28T21:59:29Z,0.0100000000000002,0.304414003044147
USIO,1088034,"Usio, Inc.",NASDAQ,US,USD,Technology,Information Technology Services,38635597.0,1.44,2025-11-29T23:49:56.974182,1.39,1.46,111.0,147.0,40974.0,2025-11-28T21:57:39Z,0.07,4.912280701754391
MURA,1971543,Mural Oncology plc,NASDAQ,IE,USD,Healthcare,Biotechnology,35209305.0,2.03,2025-11-29T23:49:56.974772,2.02,2.08,20199.0,30000.0,72178.0,2025-11-28T22:00:02Z,0.06,2.926829268292686
TVRD,1742947,"Tvardi Therapeutics, Inc.",NASDAQ,US,USD,Healthcare,Biotechnology,38651121.0,4.12,2025-11-29T23:49:56.974825,4.08,4.19,50.0,260.0,74356.0,2025-11-28T21:38:57Z,0.1100000000000003,2.6602176541717126
PHUN,1665300,"Phunware, Inc.",NASDAQ,US,USD,Technology,Software - Application,41787765.0,2.07,2025-11-29T23:49:56.975029,2.1,2.12,10.0,5681.0,59620.0,2025-11-28T21:37:05Z,0.02,0.9478672985781998
OPHC,1288855,"OptimumBank Holdings, Inc.",NASDAQ,US,USD,Financial Services,Banks - Regional,48096780.0,4.17,2025-11-29T23:49:56.975171,4.14,4.21,200.0,700.0,25938.0,2025-11-26T21:00:00Z,0.0700000000000002,1.6766467065868331
XTIA,1529113,"XTI Aerospace, Inc.",NASDAQ,US,USD,Industrials,Aerospace & Defense,27971126.0,1.63,2025-11-29T23:49:56.975982,1.61,1.66,15.0,144.0,947068.0,2025-11-28T22:00:02Z,0.0499999999999998,3.0581039755351576
MIRA,1904286,"MIRA Pharmaceuticals, Inc.",NASDAQ,US,USD,Healthcare,Drug Manufacturers - General,61961884.0,1.48,2025-11-29T23:49:56.976425,1.44,1.49,1.0,1.0,93446.0,2025-11-28T21:00:00Z,0.05,3.412969283276454
HMR,2029471,Heidmar Maritime Holdings Corp.,NASDAQ,TW,USD,Industrials,Marine Shipping,65293402.0,1.12,2025-11-29T23:49:56.977368,1.1498,1.15,1.0,1.0,9294.0,2025-11-28T21:00:00Z,0.0001999999999999,0.0173928167666734
UHG,1830188,"United Homes Group, Inc.",NASDAQ,US,USD,Consumer Cyclical,Residential Construction,62945940.0,1.07,2025-11-29T23:49:56.979708,1.07,1.1,5.0,50.0,73004.0,2025-11-28T21:39:04Z,0.03,2.7649769585253483
WBX,1866501,Wallbox N.V.,NYSE,ES,USD,Technology,"Hardware, Equipment & Parts",38093496.0,3.63,2025-11-29T23:49:56.979951,3.56,3.65,200.0,100.0,46201.0,2025-11-28T18:00:02Z,0.0899999999999998,2.4965325936199685
NEUE,1671284,"NeueHealth, Inc.",NYSE,US,USD,Healthcare,Medical - Equipment & Services,60940693.0,6.753,2025-11-29T23:49:56.980008,6.7,6.81,53.0,40.0,11964.0,2025-10-03T13:52:00Z,0.1099999999999994,1.628423390081413
OPAD,1825024,Offerpad Solutions Inc.,NYSE,US,USD,Real Estate,Real Estate - Services,55067217.0,1.93,2025-11-29T23:49:56.980264,1.89,1.94,101.0,18.0,367250.0,2025-11-28T21:47:42Z,0.05,2.610966057441256
PXLW,1040161,"Pixelworks, Inc.",NASDAQ,US,USD,Technology,Semiconductors,35674787.0,6.89,2025-11-29T23:49:56.980462,6.9,7.03,130.0,1187.0,28118.0,2025-11-28T21:51:19Z,0.1299999999999999,1.8664752333094028
LPSN,1102993,"LivePerson, Inc.",NASDAQ,US,USD,Technology,Software - Application,31699070.0,4.98,2025-11-29T23:49:56.980508,4.9221,5.02,1.0,1.0,51950.0,2025-11-28T21:00:00Z,0.0978999999999992,1.969402842457815
OSTX,1795091,OS Therapies Incorporated,NYSE,US,USD,Healthcare,Biotechnology,63033687.0,1.79,2025-11-29T23:49:56.981465,1.79,1.84,555.0,244.0,62441.0,2025-11-28T21:59:46Z,0.05,2.754820936639121
POAS,2024258,Phaos Technology Holdings (Cayman) Limited,AMEX,SG,SGD,Healthcare,Medical - Devices,48950624.0,3.68,2025-11-29T23:49:56.981908,3.65,3.76,100.0,100.0,146614.0,2025-11-26T21:00:00Z,0.1099999999999998,2.9689608636977023
LOAN,1080340,"Manhattan Bridge Capital, Inc.",NASDAQ,US,USD,Real Estate,REIT - Mortgage,53990433.0,4.72,2025-11-29T23:49:56.981970,4.62,4.73,2.0,11.0,7139.0,2025-11-28T21:33:33Z,0.1100000000000003,2.352941176470595
BGSF,1474903,"BGSF, Inc.",NYSE,US,USD,Industrials,Staffing & Employment Services,51854486.0,4.63,2025-11-29T23:49:56.982020,4.52,4.61,300.0,100.0,38660.0,2025-11-28T18:00:02Z,0.0900000000000007,1.9715224534501807
LUNG,1127537,Pulmonx Corporation,NASDAQ,US,USD,Healthcare,Medical - Devices,66815398.0,1.62,2025-11-29T23:49:56.982914,1.63,1.68,2000.0,4321.0,297781.0,2025-11-28T21:49:43Z,0.05,3.0211480362537797
HOWL,1785530,"Werewolf Therapeutics, Inc.",NASDAQ,US,USD,Healthcare,Biotechnology,48531019.0,1.0,2025-11-29T23:49:56.983429,0.98,1.02,10.0,500.0,124297.0,2025-11-28T22:00:02Z,0.04,4.000000000000004
RNTX,1420565,Rein Therapeutics Inc.,NASDAQ,US,USD,Healthcare,Medical - Pharmaceuticals,41268571.0,1.57,2025-11-29T23:49:56.984316,1.5,1.55,39.0,222.0,83724.0,2025-11-28T22:00:02Z,0.05,3.2786885245901667
MPU,1036848,Mega Matrix Corp.,AMEX,US,USD,Industrials,Rental & Leasing Services,69226142.0,1.34,2025-11-29T23:49:56.984566,1.36,1.4,43.0,757.0,404211.0,2025-11-28T20:50:41Z,0.0399999999999998,2.898550724637668
ATNM,1388320,"Actinium Pharmaceuticals, Inc.",AMEX,US,USD,Healthcare,Biotechnology,43050330.0,1.38,2025-11-29T23:49:56.984611,1.39,1.44,1154.0,1.0,57994.0,2025-11-28T21:57:20Z,0.05,3.5335689045936425
NUKK,1592782,Nukkleus Inc.,NASDAQ,US,USD,Technology,Software - Application,92384001.0,5.55,2025-11-29T23:49:56.984765,5.5,5.58,9.0,9.0,668920.0,2025-11-28T18:00:00Z,0.08,1.4440433212996402
RIBB,2035016,Ribbon Acquisition Corp,NASDAQ,JP,USD,Financial Services,Shell Companies,66705700.0,10.31,2025-11-29T23:49:56.984980,10.29,10.35,10.0,1.0,783.0,2025-11-28T14:58:08Z,0.0600000000000005,0.5813953488372141
BCG,1953984,"Binah Capital Group, Inc.",NASDAQ,US,USD,Financial Services,Asset Management,46486888.0,2.8,2025-11-29T23:49:56.987527,2.73,2.8,104.0,82.0,46290.0,2025-11-28T22:00:02Z,0.0699999999999998,2.531645569620248
HIT,2019505,"Health In Tech, Inc.",NASDAQ,US,USD,Technology,Software - Application,86495685.0,1.52,2025-11-29T23:49:56.987819,1.52,1.55,100.0,5000.0,63144.0,2025-11-28T22:00:02Z,0.03,1.9543973941368091
GRCE,1444192,"Grace Therapeutics, Inc.",NASDAQ,US,USD,Healthcare,Biotechnology,44946486.0,3.18,2025-11-29T23:49:56.988695,3.16,3.22,1.0,1.0,23835.0,2025-11-28T21:00:00Z,0.06,1.8808777429467096
PSQH,1847064,"PSQ Holdings, Inc.",NYSE,US,USD,Technology,Software - Application,60200371.0,1.3,2025-11-29T23:49:56.989041,1.29,1.33,600.0,10600.0,302399.0,2025-11-28T18:00:02Z,0.04,3.05343511450382
CPBI,1979332,"Central Plains Bancshares, Inc. Common Stock",NASDAQ,US,USD,Financial Services,Shell Companies,67720134.0,16.05,2025-11-29T23:49:56.989500,16.02,16.09,1.0,0.0,325.0,2025-11-28T14:34:49Z,0.0700000000000002,0.4360012457178467
PYPD,1611842,PolyPid Ltd.,NASDAQ,IL,USD,Healthcare,Biotechnology,40203101.0,3.945,2025-11-29T23:49:56.990630,3.92,3.99,1.0,1.0,105672.0,2025-11-28T17:59:34Z,0.0700000000000002,1.769911504424786
FLUX,1083743,"Flux Power Holdings, Inc.",NASDAQ,US,USD,Industrials,Electrical Equipment & Parts,28148091.0,1.68,2025-11-29T23:49:57.182342,1.66,1.74,48.0,135.0,218828.0,2025-11-28T22:00:02Z,0.08,4.70588235294118
NHTC,912061,Natural Health Trends Corp.,NASDAQ,HK,USD,Consumer Cyclical,Specialty Retail,34308964.0,2.98,2025-11-29T23:49:57.182928,2.98,3.04,5.0,8400.0,114500.0,2025-11-28T22:00:02Z,0.06,1.9933554817275767
ZYXI,846475,"Zynex, Inc.",NASDAQ,US,USD,Healthcare,Medical - Distribution,38289680.0,1.26,2025-11-29T23:49:57.185210,1.27,1.33,60.0,250.0,8689719.0,2025-11-28T21:59:58Z,0.06,4.615384615384619
KLXE,1738827,"KLX Energy Services Holdings, Inc.",NASDAQ,US,USD,Energy,Oil & Gas Equipment & Services,29611288.0,1.66,2025-11-29T23:49:57.187438,1.61,1.68,31.0,383.0,34351.0,2025-11-28T21:57:38Z,0.0699999999999998,4.25531914893616
PETS,1040130,"PetMed Express, Inc.",NASDAQ,US,USD,Healthcare,Medical - Pharmaceuticals,36043648.0,1.75,2025-11-29T23:49:57.192155,1.7,1.78,3.0,4.0,106448.0,2025-11-28T21:59:09Z,0.08,4.597701149425292
BEEM,1398805,Beam Global,NASDAQ,US,USD,Energy,Solar,29762389.0,1.89,2025-11-29T23:49:57.193065,1.85,1.9,200.0,65.0,143580.0,2025-11-28T22:00:02Z,0.0499999999999998,2.666666666666657
NRXS,1933567,"NeurAxis, Inc.",NASDAQ,US,USD,Healthcare,Biotechnology,29606722.0,2.78,2025-11-29T23:49:57.194410,2.68,2.75,100.0,100.0,29041.0,2025-11-28T14:30:52Z,0.0699999999999998,2.5782688766114124
APVO,1671584,Aptevo Therapeutics Inc.,NASDAQ,US,USD,Healthcare,Biotechnology,40805048.0,1.38,2025-11-29T23:49:57.196305,1.38,1.39,42.0,1.0,539143.0,2025-11-28T21:59:56Z,0.01,0.7220216606498202
APUS,1894525,"Apimeds Pharmaceuticals US, Inc",NYSE,US,USD,Healthcare,Drug Manufacturers - Specialty & Generic,36440985.0,2.9,2025-11-29T23:49:57.197581,2.84,2.9,477.0,800.0,386888.0,2025-11-28T19:40:10Z,0.06,2.0905923344947754
BOSC,1005516,B.O.S. Better Online Solutions Ltd.,NASDAQ,IL,USD,Technology,Communication Equipment,27714008.0,4.66,2025-11-29T23:49:57.197847,4.6,4.68,1.0,1.0,41295.0,2025-11-28T18:00:01Z,0.08,1.7241379310344844
IINN,1837493,Inspira Technologies Oxy B.H.N. Ltd.,NASDAQ,IL,USD,Healthcare,Medical - Devices,26130416.0,1.085,2025-11-29T23:49:57.199569,1.08,1.11,102.0,243.0,117977.0,2025-11-28T21:40:11Z,0.03,2.7397260273972623
LIMN,1831874,"Liminatus Pharma, Inc. Class A Common Stock",NASDAQ,US,USD,Healthcare,Biotechnology,28147218.0,1.04,2025-11-29T23:49:57.200277,0.95,0.9999,2000.0,4847.0,176051.0,2025-11-28T21:49:14Z,0.0499,5.118211190317458
MAIA,1878313,"MAIA Biotechnology, Inc.",AMEX,US,USD,Healthcare,Biotechnology,43698122.0,1.18,2025-11-29T23:49:57.201234,1.16,1.18,852.0,200.0,211355.0,2025-11-28T22:00:01Z,0.02,1.7094017094017109
PHGE,1739174,BiomX Inc.,AMEX,IL,USD,Healthcare,Biotechnology,126294058.0,4.36,2025-11-29T23:49:57.437641,4.2,4.3,49.0,68.0,55891.0,2025-11-28T21:51:13Z,0.0999999999999996,2.35294117647058
SMX,1940674,SMX (Security Matters) Public Limited Company,NASDAQ,IE,USD,Industrials,Specialty Business Services,76428600.0,60.18,2025-11-29T23:49:57.814155,49.02,49.17,140.0,11.0,22543652.0,2025-11-28T22:00:00Z,0.1499999999999985,0.3055300947143264
CHSCN,823277,CHS Inc.,NASDAQ,US,USD,Consumer Defensive,Agricultural Farm Products,308149920.0,25.11,2025-11-29T23:49:58.006266,25.1,25.44,3532.0,200.0,38744.0,2025-11-28T21:40:44Z,0.3399999999999998,1.3454689354966356
TDACU,1673481,Translational Development Acquisition Corp.,NASDAQ,US,USD,Financial Services,Shell Companies,246123000.0,10.44,2025-11-29T23:49:58.273449,10.1276,10.2815,9.0,11.0,0.0,2025-04-24T12:09:35.606000Z,0.1539000000000001,1.5081507758793886
WTGUU,2053927,Wintergreen Acquisition Corp.,NASDAQ,CN,USD,Financial Services,Shell Companies,75437509.0,10.3,2025-11-29T23:49:58.450668,10.09,10.26,30.0,4.0,40.0,2025-11-25T21:00:00Z,0.1699999999999999,1.67076167076167
YCL,1415311,ProShares Ultra Yen,AMEX,US,USD,Financial Services,Asset Management,44330365.0,19.27,2025-11-29T23:49:58.638852,19.24,19.43,8000.0,8000.0,19486.0,2025-11-28T20:47:16Z,0.1900000000000012,0.9826739074217804
SCO,1415311,ProShares UltraShort Bloomberg Crude Oil,AMEX,US,USD,Financial Services,Asset Management - Leveraged,161574786.0,18.63,2025-11-29T23:49:58.638924,18.85,19.05,7200.0,2200.0,1097814.0,2025-11-28T18:00:00Z,0.1999999999999993,1.0554089709762495
VIASP,1606268,"Via Renewables, Inc.",NASDAQ,US,USD,Utilities,Regulated Electric,96327951.0,25.4,2025-11-29T23:49:58.639483,25.39,25.57,5.0,270.0,2543.0,2025-11-28T21:39:35Z,0.1799999999999997,0.7064364207221339
CHPGU,2024460,ChampionsGate Acquisition Corporation,NASDAQ,KY,USD,Financial Services,Shell Companies,88663610.0,10.22,2025-11-29T23:49:58.640262,10.06,10.22,1.0,136.0,464.0,2025-11-28T15:54:19Z,0.1600000000000001,1.577909270216964
OYSEU,2042182,Oyster Enterprises II Acquisition Corp,NASDAQ,US,USD,Financial Services,Shell Companies,341853256.0,10.24,2025-11-29T23:49:58.640830,10.14,10.25,149.0,10.0,3.0,2025-11-26T21:00:00Z,0.1099999999999994,1.078960274644428
PFXNZ,1490349,PhenixFIN Corporation 5.25% Notes due 2028,NASDAQ,US,USD,Financial Services,Asset Management,98883023.0,23.44,2025-11-29T23:49:58.641481,23.36,23.71,100.0,50.0,1771.0,2025-11-28T22:00:02Z,0.3500000000000014,1.4871468026343804
LKSPU,2043508,Lake Superior Acquisition Corp.,NASDAQ,US,USD,Financial Services,Shell Companies,136807190.0,10.21,2025-11-29T23:49:58.641752,10.11,10.27,1.0,1.0,23.0,2025-11-26T21:00:00Z,0.1600000000000001,1.570166830225713
KOLD,1415311,ProShares UltraShort Bloomberg Natural Gas,AMEX,US,USD,Financial Services,Asset Management - Leveraged,117852693.0,25.92,2025-11-29T23:49:58.642383,25.41,25.47,238.0,1.0,4828967.0,2025-11-28T22:00:02Z,0.0599999999999987,0.2358490566037686
CRACU,2070887,Crown Reserve Acquisition Corp. I,NASDAQ,KY,USD,Financial Services,Shell Companies,203918700.0,10.11,2025-11-29T23:49:58.643213,10.09,10.14,20.0,1.0,1121.0,2025-11-28T17:16:08Z,0.0500000000000007,0.4943153732081137
CHSCL,823277,CHS Inc.,NASDAQ,US,USD,Consumer Defensive,Agricultural Farm Products,313058720.0,25.51,2025-11-29T23:49:58.645078,25.44,25.88,20.0,102.0,52687.0,2025-11-28T21:56:43Z,0.4399999999999977,1.714731098986741
YCS,1415311,ProShares UltraShort Yen,AMEX,US,USD,Financial Services,Asset Management - Leveraged,26440962.0,50.305,2025-11-29T23:49:58.645536,50.25,50.38,150.0,8000.0,25499.0,2025-11-28T21:57:27Z,0.1300000000000025,0.2583722547947979
EUO,1415311,ProShares UltraShort Euro,AMEX,US,USD,Financial Services,Asset Management - Leveraged,34083872.0,28.975,2025-11-29T23:49:58.651077,28.87,29.05,8000.0,8000.0,6187.0,2025-11-28T20:50:54Z,0.1799999999999997,0.6215469613259659
GLL,1415311,ProShares UltraShort Gold,AMEX,US,USD,Financial Services,Asset Management - Leveraged,70746354.0,27.35,2025-11-29T23:49:58.651727,27.25,27.42,4002.0,11700.0,615600.0,2025-11-28T19:41:08Z,0.1700000000000017,0.6219132979696422
GECCG,1675033,Great Elm Capital Corp. 7.75% Notes Due 2030,NASDAQ,US,USD,Financial Services,Asset Management,288053160.0,24.9,2025-11-29T23:49:58.823517,24.81,24.99,1.0,190.0,1506.0,2025-11-28T21:40:11Z,0.1799999999999997,0.7228915662650591
APACU,2043630,StoneBridge Acquisition II Corporation,NASDAQ,US,USD,Financial Services,Shell Companies,50600000.0,10.12,2025-11-29T23:49:58.825119,10.04,10.2,5.0,0.0,986.0,2025-11-28T18:00:01Z,0.1600000000000001,1.5810276679841913
MMTXU,2077033,Miluna Acquisition Corp,NASDAQ,US,USD,Financial Services,Shell Companies,76941000.0,10.0,2025-11-29T23:49:58.825398,10.0,10.02,60.0,11.0,50110.0,2025-11-28T21:00:00Z,0.0199999999999995,0.1998001998001955
SWKHL,1089907,SWK Holdings Corporation 9.00% Senior Notes due 2027,NASDAQ,US,USD,Financial Services,Asset Management,180030685.0,25.7,2025-11-29T23:49:58.828486,25.65,25.75,200.0,200.0,464.0,2025-11-28T22:00:02Z,0.1000000000000014,0.3891050583657643
FTIIU,1889450,FutureTech II Acquisition Corp.,NASDAQ,US,USD,Financial Services,Shell Companies,47825943.0,11.01,2025-11-29T23:49:59.004765,11.0,11.02,1600.0,0.0,2.0,2025-11-28T13:55:15Z,0.0199999999999995,0.1816530426884611
PCTTW,1830033,"PureCycle Technologies, Inc.",NASDAQ,US,USD,Industrials,Industrial - Pollution & Treatment Controls,215264422.0,1.195,2025-11-29T23:49:59.148573,1.19,1.2,1.0,21.0,13934.0,2025-11-28T21:38:13Z,0.01,0.8368200836820092
